date,SMB,HML,CMA,RMW,WML
1951-11-30,-0.00586066599876235,-0.00417325346659504,-0.0122075176858708,0.00828911298715455,0.000671432618974206
1951-12-31,-0.0234460869774655,-0.0309437347347631,-0.0454660007759798,0.0201345230195446,0.0194913515018194
1952-01-31,-0.00315597563146457,0.0123607110383355,0.00932838631088549,-0.012623365691494,0.00828151162413659
1952-02-29,0.00490915967026769,0.0128582612359887,0.012440669253641,0.000170562149747526,-0.00542738822843552
1952-03-31,-0.0179921521238124,0.000232870167374381,-0.00875698861995453,0.0120530444758515,0.0138669664762114
1952-04-30,0.00293841982027084,0.0052999208058224,-0.0106548066052159,-0.0117657623402642,-0.0178284242758784
1952-05-31,-0.0113490801491015,0.00044737384773353,-0.0157756139694882,0.00124690951999345,0.00243309765384759
1952-06-30,-0.00837875851277553,-0.000816803323441445,-0.00811532235263646,0.0195541783994182,0.00451104958093293
1952-07-31,-0.00425555796569523,0.011210081349572,0.00161766469969659,0.00731036055738556,-0.000128118714689861
1952-08-31,0.0113659300113068,0.00311301318645751,0.0155100405403598,-0.00964483668188632,-0.000857906793851618
1952-09-30,0.00560222245826169,-0.0108776889342742,0.00283845918624214,0.0158794779247834,0.0180543360195053
1952-10-31,-0.00824993542512672,0.00894147117100402,0.0051054480105397,-0.00137867486964557,0.01856499310514
1952-11-30,-0.00644895692300258,0.00294904403304871,-0.0279436135791859,0.0290700692758794,0.00604262953510412
1952-12-31,-0.00658883991778181,0.0121250177933468,-0.00908991316956712,-0.00128286040966888,0.0107614030319752
1953-01-31,0.0415431767005047,0.0257495386014442,0.0209479872590034,-0.0130201527140687,0.0142216406508897
1953-02-28,0.0207724711419858,0.0045460883907412,0.00440296827964007,-0.0175062814721694,0.00905345586948758
1953-03-31,-0.00616464711855161,0.012071483367173,-0.0104706273527041,-0.0115822700610883,-0.00949450424049225
1953-04-30,0.00714384817141997,0.00382988130105476,0.0115967777576548,-0.00604426042416715,0.0162186740971043
1953-05-31,-0.000780817122674129,-0.00575951810060825,-0.00177825068369742,0.0129268528600217,0.0144962024639656
1953-06-30,-0.0150441461642965,-0.00955421164804834,0.00604370372606869,0.00359322219918148,-0.00396186446866284
1953-07-31,-0.00973343864878584,-0.00527764891190498,0.00107484634266105,-0.00790978801939196,0.00197625120363992
1953-08-31,-0.0138382904922245,-0.0232391032548765,0.00258056642885172,-0.00181454586667987,0.0134721538190403
1953-09-30,-0.0180375342554884,-0.026851420775345,-0.0169442633014195,0.025193177995387,0.019875563954828
1953-10-31,-0.00961450213486702,0.00942143451032849,-0.00758371272488949,0.0191863266952295,0.00664625849206795
1953-11-30,-0.0125573809626841,-0.00710710893893106,-0.00278961099612532,0.0103476048549158,0.0183633439483232
1953-12-31,-0.0228263643594072,-0.0261936585052837,-0.0150623096574913,0.0283183842235617,0.0448909788581125
1954-01-31,0.0193402929984488,0.0479271579661381,0.0103308102271845,-0.0153291317041012,-0.0483227657918193
1954-02-28,-0.00519692239607545,-0.00572984877889606,-0.0170103329403016,0.0110973102277412,0.0173060999771473
1954-03-31,-0.00953707540225849,-0.0117070960714999,-0.0230387755870031,0.0277049885645032,0.0223811921732104
1954-04-30,-0.0265682898131629,-0.0295291327071278,-0.0108922166194644,0.0258198684575189,0.0382832376733234
1954-05-31,0.0116680946728496,0.02351941537393,0.00445149060339071,0.00202388579228378,-0.0227864878542165
1954-06-30,-0.00236419425934375,-0.0166274491414305,0.000907615788095308,0.0288713834206001,0.0312355019957718
1954-07-31,0.0171671972247858,0.0132745814378769,-0.0168582509371439,0.00353765880210945,0.00507477703740743
1954-08-31,0.0252393299149028,0.0104729710110714,-0.00164167321156699,-0.0185440141939337,-0.00574159921774531
1954-09-30,-0.00721496597901129,-0.00321376743508499,0.00510206377201513,0.0204082725559465,0.0196734618304396
1954-10-31,0.00484941440188807,-0.00599314871282666,0.00499984517582312,0.0234913702748815,0.0201283328614874
1954-11-30,-0.00611544377053939,0.00470552244587222,0.0170912514867115,0.0161401970269125,0.0286475397352416
1954-12-31,0.0436407937372744,0.0532376409416171,0.010854016718221,-0.00522466345947243,-0.0087733293801061
1955-01-31,0.00851289397703435,0.0113078865502182,-0.0086971187632082,0.00106375824487419,0.0204503827124646
1955-02-28,0.00992926206403766,-0.0151654902557503,-0.0016318525255477,0.0114002114115262,0.0194025959430081
1955-03-31,-0.00280107898826676,-0.0113182355080974,0.012994779455214,0.0180109203168409,0.0154367551522698
1955-04-30,-0.00525710438823512,-0.00491572008046116,-0.00343879275090688,0.01087335254594,-0.00675555416867911
1955-05-31,-0.0125650239839868,-0.0184781969298902,-0.0119930603604427,0.0168997510333816,0.00955187704773136
1955-06-30,-0.0131811141017,0.011947621949766,0.00504625359001783,-0.014067337588934,0.0150479980922451
1955-07-31,0.00476387405974935,0.0233800921275077,-0.00648394852700252,-0.0215734628916711,-0.0161087376829757
1955-08-31,-0.0067457857647237,-0.0167875183756536,0.00742205486025119,0.0179449974310372,0.0171309597311106
1955-09-30,0.0116311709395376,-0.000803951718855986,0.0104326120071015,0.00683012159985957,0.00981270638057752
1955-10-31,0.00956492493198244,0.00528275268734216,0.00116543276398213,-0.00237898903612429,-0.00684895740815577
1955-11-30,-0.0136035004150056,-0.0226146580161377,0.0112072131875433,0.0298246622322093,0.0258518268637871
1955-12-31,0.00701873939710396,-0.0183886120385127,-0.00561350404014235,0.00616867729422242,0.00059085568030089
1956-01-31,0.00882042192115716,0.0324673609465593,0.00313080619313616,-0.0197096202802904,-0.0159525535307847
1956-02-29,-0.0096219893386001,-0.025291075376105,0.000623615621796164,0.0240221173761671,0.0217318942103789
1956-03-31,-0.0228932884963933,-0.0420125545492035,-0.00564550230070857,0.0161772167607138,0.0412761087907215
1956-04-30,0.00132110901068261,-0.02535712667571,-0.000111833930010381,0.0211915460126857,0.0343452011174217
1956-05-31,-0.000443033104309314,-0.000114644395705327,0.0103626700615387,-0.00252693213532947,-0.0221246891349601
1956-06-30,-0.0217677294508257,-0.0361624633441812,-0.0253034773315546,0.0383981546703821,0.0282539578139113
1956-07-31,-0.0156748851670053,-0.0100492212011342,-0.0182344878621425,0.0175651804423876,0.0217331701156227
1956-08-31,0.0137740766911045,0.010480311404813,0.00306432104017881,0.00802170831455774,-0.0127412276448574
1956-09-30,0.0237542166395891,0.0345931158577819,0.00673718652954679,-0.00423723390699433,-0.0227011640614365
1956-10-31,-0.0057131351326274,-0.00400104448826059,-0.00638832315002633,0.0195922019531179,0.0198722055635327
1956-11-30,-0.000576205580936702,0.00936439828354586,0.00345312962723534,-0.0149073744273265,0.0310914705387909
1956-12-31,-0.0110756561483715,-0.0204650282930268,-0.0155276444615214,0.0165672989061656,0.0309808284456949
1957-01-31,0.0335321176001926,0.0457208553702826,0.0296211975074324,-0.031604797653719,-0.0304239633123786
1957-02-28,-0.00826949380685089,-0.0105219173143495,0.00788314431826184,-0.00415226190446828,-0.010089706556095
1957-03-31,-0.00383548674127356,-0.00946559962377288,-0.0094022052100446,-0.00889005254810957,0.00576948370828843
1957-04-30,-0.0206861145076851,-0.0050677412481731,-0.0130228269326028,0.00143828529560704,0.0158147120858098
1957-05-31,-0.0157770910968887,-0.0247167776790389,-0.0208815281048828,-0.00024141896360172,0.00232057386763226
1957-06-30,0.00763505594187556,-0.0263504728140563,-0.00214651992923893,0.0212407190651457,-0.00353509337022298
1957-07-31,0.00219123767463478,0.00592225046347426,0.00555413842194475,-0.00313044775545113,-0.00391615694118597
1957-08-31,0.00190335316910516,0.0260714999377394,0.0230678195452813,-0.0202405844521435,-0.0007181702895852
1957-09-30,-0.00554224803656406,0.00731820367044192,0.0231410494753214,-0.00905118038997944,0.00574466053284796
1957-10-31,-0.035678223283342,-0.0122721377580092,0.0119840919810235,-0.00480838536121836,0.0149114707810628
1957-11-30,-0.0244031703829358,-0.0349931125269311,-0.0215703494532754,0.0158379598160881,0.0267689557874445
1957-12-31,-0.0224807881057198,-0.0349310521389772,0.0168607920712907,0.0167123874590689,0.0843275295529171
1958-01-31,0.059708318820208,0.0849892751708573,0.0104919819907785,-0.0400332998941802,-0.0605935902790551
1958-02-28,-0.00152366199857461,-0.0194357601753634,0.00561845964463066,-0.00117524580252173,0.0434892893060819
1958-03-31,0.00101993141913599,0.00203259133310174,0.000718625456398985,-0.00298010591973472,-0.00447147217975474
1958-04-30,-0.00370733928796636,-0.00919329031127081,0.011926238100433,-0.00197019225305978,0.0171857217872306
1958-05-31,0.0130231553347791,0.0135762522101058,0.00329707145865229,-0.00959186705036308,-0.0174191961065085
1958-06-30,0.000120875013530215,0.00427445595674268,-0.00573138832988616,0.00841270435549363,-0.0111686792037867
1958-07-31,0.00682000297312233,0.0105834904564252,0.0114092343954916,0.00818449478443323,-0.061520959537184
1958-08-31,0.0133913702322913,0.00427263816430204,0.012764776898809,0.00304654020055166,-0.00684461855840003
1958-09-30,0.015356967602061,0.0199541102991296,-0.0134724504272654,0.00862935850815227,-0.00621202849007576
1958-10-31,0.00400808188444139,0.00122269275200883,-0.00758755649986656,-0.000775946288873189,0.0400289259566731
1958-11-30,0.011064017298563,-0.0166460641619348,-0.000649072106246387,0.0267419952836801,0.0167001860790853
1958-12-31,-0.00611415940124437,-0.0114046727219681,0.000972549995509296,0.00506278745190531,-0.00542456228164302
1959-01-31,0.044412399424786,0.0558921148817808,0.0159929111785326,-0.0185124065458053,-0.00351625017248815
1959-02-28,0.00814454509346027,-0.00657564004293131,0.0148647875882822,0.0126138280270145,0.0286518045311646
1959-03-31,0.0130512594759074,0.00796474867773051,-0.018084159150212,0.0125101099064108,0.0145124207282815
1959-04-30,-0.00874072215256625,-0.0329338124017716,-0.00209005209955597,0.0319940080244956,0.0522236890439646
1959-05-31,-0.00262726564822576,0.0171080808974616,0.0299162339428862,-0.00706557768361581,0.0102688844587018
1959-06-30,-0.00240294252337716,-0.0163831297460522,0.00999279473274842,0.0131914098134522,0.035066756794365
1959-07-31,-0.00419344973789515,0.0206073895035684,-0.0124827899073839,-0.0111625700191907,0.000894733627437167
1959-08-31,0.00108082447738652,0.00146749053664309,0.00318980365764631,-0.00512634818715174,-0.0106459901999137
1959-09-30,0.00490466182245499,-0.00370357571850277,-0.000125543441513269,0.00853819127533563,0.00669224621412207
1959-10-31,-0.00255683505847653,-0.0305882181207596,-0.00624135242662358,0.0135274243626992,0.0469484812002682
1959-11-30,-0.00162422183875416,-0.0192048123671132,-0.00815520923133119,0.0193820146979369,0.0213210687986481
1959-12-31,0.00600869083441578,-0.000874561549018157,-0.00209807001183025,-0.00978253918089533,0.00680339426539925
1960-01-31,0.0245689371604411,0.0162639296184257,-0.00264661628045003,0.00238801889796508,-0.0270744616661163
1960-02-29,-0.000323247998100832,-0.0323661991813458,-0.019028172704535,0.0343350370509802,0.0368206702749084
1960-03-31,-0.018948970917062,-0.0386515020218335,-0.00967200416799675,0.0227434037531022,0.00412723945526364
1960-04-30,-0.0118207833387707,-0.0144253710788297,-0.00913141854197882,0.0316854995031322,0.0161343459167394
1960-05-31,-0.00840323348656245,-0.0536352855269981,-0.0335083147474148,0.0439083399918872,0.0443851185710292
1960-06-30,-0.00645603670083075,0.0112732261153387,-0.000921834092892735,-0.0128401594440751,0.0186763727307456
1960-07-31,0.00206843770148674,0.0359934114953007,0.0166466138646101,-0.0280390555989713,-0.0119783407456184
1960-08-31,0.00694346480183818,0.0118028186834407,0.0102942511749773,-0.0155693056606857,0.00815972435956254
1960-09-30,-0.00653784135278521,0.0194720665889783,0.00974307199516943,-0.00986256843093628,-0.00206260952316046
1960-10-31,-0.0247503867102038,-0.00471370306449514,0.0188621969707879,-0.0074462250868803,0.0087077537038026
1960-11-30,-0.013042556135714,-0.0353897757136799,-0.027051232975995,0.022491635950084,0.0279367028657365
1960-12-31,-0.0153711786670641,0.0054156632629261,-0.00171094182119039,0.000612069806713897,0.00717555189256608
1961-01-31,0.0337773959781537,0.0615807567963983,0.0201361025557183,-0.0271613586045491,-0.0359435384775481
1961-02-28,0.0268566277888492,-0.00609698281187315,-0.0177782916185637,0.0117452439541934,0.00608705598959172
1961-03-31,0.0317065934406847,0.00408064965046186,-0.00337325505000874,-0.00826752881970636,0.0226942266657767
1961-04-30,0.0165468085591289,0.0102529255842821,0.0166912359542653,-0.0202487490851748,0.0382441434033165
1961-05-31,0.00687453213676075,0.0217672497987875,0.00982400927246424,0.00425211814855065,-0.0184855066607148
1961-06-30,-0.0239455989051417,-0.00784471157910029,0.00529469397359855,0.00873581279484602,0.00995701507500633
1961-07-31,-0.0194175767013038,0.0035525154264128,0.00427430948578704,0.00883020692296354,-0.00446839153900198
1961-08-31,-0.0261531020147005,-0.0244226072247955,-0.019254039266053,0.0173638168647157,0.0225485841612133
1961-09-30,-0.0128100139900945,-0.0183897487213932,-0.0194072207979102,0.0246102473400207,0.0146432784320371
1961-10-31,-0.0194284654352721,-0.00349233455479426,-0.0128612663022808,0.0116312881889087,0.0235798810930201
1961-11-30,0.0171849763738837,-0.00654770931456604,-0.0102303094828197,0.00660457832661583,0.0173055990824629
1961-12-31,0.0126770970717879,0.0400512423882032,0.0203841045142825,-0.0278931734938123,-0.0376986065691056
1962-01-31,0.0363001136563542,0.0555442327562804,0.0314900486291285,-0.0300150582665717,-0.0140231744230348
1962-02-28,-0.000470268093419789,0.0031621744707112,-0.00865667513093556,0.00130901578012292,0.000132905129039642
1962-03-31,-0.00245945703666154,-0.00452712022681973,0.00203338556713839,0.00208009576055307,0.0168491512654419
1962-04-30,-0.0130352242848685,0.00766847832598366,0.0164335661985298,-0.00514472613947252,0.0222468954766496
1962-05-31,-0.0193791712193809,0.0634092511977741,0.0566866176319746,-0.0409122116729069,-0.00470439335612657
1962-06-30,-0.00454884392806128,0.0160996133726512,0.0197500246812656,-0.00730687512420447,0.0606308236493867
1962-07-31,0.011010179611631,-0.0269085610935254,-0.0323241709063393,0.0311389389240528,0.00189145523427756
1962-08-31,0.0208702069303168,0.0019507489236898,-0.00563848753439144,0.00731297076815367,-0.00431457066663624
1962-09-30,-0.0153388482019133,-0.00861832925948038,0.00577572703318002,0.0030369612054081,0.0355412357225318
1962-10-31,-0.0427276633470741,0.000122750639474978,0.02021753181726,-8.53465252795439e-5,0.00233727454979585
1962-11-30,0.010329702828788,0.0167338340901619,-0.0149902216808596,-0.00566900734446273,-0.0663240688105622
1962-12-31,-0.0381318057706992,-0.0168180225221534,-0.0058431792887141,0.0153191810383679,0.0377193023793408
1963-01-31,0.037651775047463,0.0288995701091422,0.0159242341156869,-0.0177889416309694,-0.0131352982600686
1963-02-28,0.00266164792033241,0.00439270174101696,-0.000716495007660075,-0.000597402535667105,0.0161623444239678
1963-03-31,-0.0182915869840471,0.00915735521901186,0.00733686443359296,-0.00816390169554693,0.0119562472137566
1963-04-30,-0.0162642222110291,0.0126383264339304,0.00167705549655562,-0.000254037837245862,0.00147855250116116
1963-05-31,0.0156349365948967,0.0203281731921655,-7.33425868695049e-5,-0.0117196211694734,0.00578831704706081
1963-06-30,0.00372671606939082,-0.00870119335792119,-0.00810140359180485,0.00783869271912831,0.014051843898432
1963-07-31,-0.00460581709175056,-0.0105626297466752,-0.00237141258422281,0.00816340515051852,0.0105467272168016
1963-08-31,-0.0156741668419656,-0.00614422474270213,-0.0050614702229238,0.0109991912045084,0.0147977563345268
1963-09-30,0.00402834710108041,0.00832566372121905,0.0049383480632116,-0.0112224026080453,-0.00534442090260304
1963-10-31,0.000552341156571417,8.16938026660975e-5,-0.00865021203473262,0.0110556757431699,0.0270919304900118
1963-11-30,-0.0125743027206428,0.0103456240242391,0.000934222737699204,0.00257408735040382,-0.002986031303291
1963-12-31,-0.024614338173978,-0.0101446413126998,0.00167306563191875,0.00289066497645997,0.0238867648288719
1964-01-31,0.0128015356469142,0.00682601094999088,0.0146921562706464,-0.00896882824290417,0.0151942855859196
1964-02-29,0.00629800557318221,0.0155498117120359,0.0126031901318009,-0.00393067812901393,0.0062965339584071
1964-03-31,0.0100047202412447,0.0371249061674963,0.0213329650810891,-0.0217837365397561,0.00995982503321483
1964-04-30,-0.00692449688629983,-0.00119517623120103,-0.00839758820817335,-0.0194615187301517,-0.000846046372036644
1964-05-31,-0.00459486794047371,-0.00149876231603526,-0.0103901103869786,0.00370054932877771,0.0184561165517891
1964-06-30,-0.00183355248293947,0.00936768323964545,0.000917732251601,-0.00477910065765441,-0.0037296564326925
1964-07-31,0.00294464669775935,-0.00375916709162072,0.00890265479427018,0.00731976982656722,-0.00830484768407419
1964-08-31,0.00010004349940031,0.0131821830903698,0.0063909053697889,-0.010641033424905,-0.010673508692976
1964-09-30,0.000349920675725889,0.0134008045425393,-0.00490658725639079,-0.0127119421800948,0.00291814828565706
1964-10-31,0.00630415793285241,0.00909387936657923,0.000930945237943523,-0.00565990076530028,0.00168290988914072
1964-11-30,-0.00421981717834396,-0.0176778050801829,-0.00752635446025542,0.0113921319723276,-0.00049471715222534
1964-12-31,-0.0047037652956383,-0.0211083693483429,-0.0074649631230107,0.0235432273690845,-0.0030175450996691
1965-01-31,0.0202369581265801,-0.00656087061408205,-0.00960635978714393,0.00397337019445404,0.000927294740056456
1965-02-28,0.0193990827696768,-0.000175804355973516,0.00143918432986755,0.00489143095069569,0.00686993276198952
1965-03-31,0.0230939096436708,0.0123311115285666,-0.00321313488330764,-0.00874668310964744,0.0072857003051379
1965-04-30,0.0155327268014113,0.00534125970660183,-0.00922870959898224,-0.00236961932556481,0.0204971933141747
1965-05-31,-0.00261805359831501,-0.00424486791781005,0.00222524105737928,0.0062439366514158,0.012766673738579
1965-06-30,-0.0344115173928906,0.00399704018385846,0.0203315015265627,0.00165718768124649,-0.0326969363526349
1965-07-31,0.00978757878698896,0.0107486597617571,-0.00214420882694561,-0.00847808990761444,0.0394098715882377
1965-08-31,0.0166847216203983,-0.00740976324054745,-0.0249700701650454,0.0150135891697625,0.0208001273846891
1965-09-30,0.00330020528604972,7.38108031709574e-5,-0.00794077292543544,0.00676015212328008,0.0308804953620663
1965-10-31,0.0315870872941752,0.000437365007441251,-0.0128358828123842,0.00907546053716157,0.029793288133531
1965-11-30,0.0316568678000183,-0.016031506249719,-0.0171270243588048,0.0213476910976949,0.0542316125430052
1965-12-31,0.0274862722488979,0.0216996943186852,-0.0137209786705195,-0.0160211353548086,0.0056465657191282
1966-01-31,0.0405105815624239,0.0206332656311829,-0.0162242396759222,-0.0201754168688653,0.0529470889805861
1966-02-28,0.0386411480641613,-0.0194005650314051,-0.0206583126610194,-0.00298359919924037,0.0602189001304332
1966-03-31,-0.00289439471090162,-0.0240265969991406,0.00305163879906675,0.0223778351176123,0.00820683899338947
1966-04-30,0.0274526685839308,-0.0225638576871549,-0.0152564754320607,0.011899941457717,0.046394380795827
1966-05-31,-0.0352565061566342,0.00839364716980738,0.022065076535792,0.00639824314070854,-0.0529784586934375
1966-06-30,0.00908969449416008,-0.0062182645915835,-0.00825248485144526,0.0160470951813562,0.0335507767757862
1966-07-31,-0.000862002128378041,0.00236130022257252,0.0140347523960623,0.000890078130974092,-0.0122743342373991
1966-08-31,-0.0259145828105211,0.0154080968230803,0.0100976162761672,-0.000762534662681322,-0.0231077672927891
1966-09-30,-0.00430825922049513,0.000808989731086568,0.0366285359542339,-0.00460654481081515,-0.0168610847619861
1966-10-31,-0.0694138335693346,0.0493462633843757,0.0469754930573706,-0.0349958655272978,-0.0777728847940856
1966-11-30,0.0246337668309372,-0.0509010258568114,-0.0561352467756427,0.0465962465477904,0.0633628953079276
1966-12-31,0.00606982709987823,0.00121508199364852,-0.00327269129831634,8.36170508792845e-5,-0.00547447305684317
1967-01-31,0.0900603639164366,0.0438999048206452,-0.03472228781512,-0.0109881055292041,-0.0620943908980504
1967-02-28,0.0350588945478683,-0.0244361613987484,-0.0215360863479534,0.0147775108334135,0.0132560516779656
1967-03-31,0.019967798796931,-0.0165690631745292,-0.0317202265980325,0.0140947406493389,0.0119379900877162
1967-04-30,0.0063903191765948,-0.0308192501494241,-0.0368653312146984,0.0181220596930819,0.0123671173379139
1967-05-31,0.029817419702879,0.00939495327798873,-0.00538961352439736,-0.00196020877171446,0.00137011278102326
1967-06-30,0.0630862715285841,-0.0207490973613483,-0.029060523012378,0.00469085705678612,0.0436863433498259
1967-07-31,0.0332251860887237,0.00805232186552091,0.000881329168723639,-0.0036923928576862,0.00695404349969162
1967-08-31,0.00801790400375024,0.0209182918096727,0.0161972182864536,-0.00275651802413775,-0.00893018338012421
1967-09-30,0.0471281364691445,-0.0172041287504116,-0.0147418209247741,0.000144407730351341,0.0222845864587257
1967-10-31,0.0247610702214744,-0.0292923604354217,-0.0188604699713711,0.0114417439660888,0.0386124295621702
1967-11-30,-0.00257731143796231,-0.0213440018588763,-0.0190066516637289,0.00386812648188919,0.0110865267549398
1967-12-31,0.0602897220518982,-0.000596684305494866,-0.00167130466869433,-0.0118630199947869,0.0334512669038523
1968-01-31,0.0571395018096073,0.0719050380881354,0.0671974512070951,-0.040331505742096,-0.0336856010708222
1968-02-29,-0.0219268850885601,0.0493951011493215,0.0382708391008557,-0.00874086056341812,-0.049584144324936
1968-03-31,-0.0171712471988101,-0.0239453895439638,-0.0106088226387237,0.00431718790334697,0.0225108934118727
1968-04-30,0.0522188437663921,-0.07589799025824,-0.0531814292327141,0.0338383597426771,0.0686568526694766
1968-05-31,0.068431853520241,-0.0318902322739947,-0.0240574143359831,0.00525104502424452,0.0411572012936406
1968-06-30,-0.00521478871566181,0.0479425975387288,0.0298394592824497,-0.0086775340716277,-0.022726051837274
1968-07-31,-0.00384549095220097,0.044223487170223,0.0282532550739986,-0.0236652679042982,-0.00993661949526137
1968-08-31,0.0181931198188641,0.00340799033825606,-0.000775596096692401,-0.0132443721969194,0.0246434396371678
1968-09-30,0.0156256799603891,0.00275563961898211,-0.00656427381020616,-0.0187288584305921,0.00803289914669954
1968-10-31,-0.000704745799641717,0.0259433135168205,0.0192937076531074,-0.00427427458540773,-0.00389361790784757
1968-11-30,0.0108371893862408,0.00415454638436866,-0.0109546710743776,0.00441662129013479,-0.00106088994467063
1968-12-31,0.0384196013908442,0.00853251805240165,0.00959180018280197,-0.0111812815899477,0.00209531328458073
1969-01-31,-0.00248306354164839,0.0249962164285886,0.0153733896366543,-0.0171783736482995,-0.00557198737859288
1969-02-28,-0.0250258037557477,0.0225109751844794,0.0168133184279732,0.00963863666947545,-0.0242484959326219
1969-03-31,-0.00316191656668181,-0.0182977071818323,0.000763747711607605,-0.00779537298435654,0.0369447543580895
1969-04-30,-0.0167906768639446,-0.0224482878051706,-0.00207219811089772,0.00339718880553979,0.0104350565288577
1969-05-31,0.00585305001293487,-0.0165312333247263,0.00200739063196755,0.00579226272238671,0.0184708274251497
1969-06-30,-0.0505586477843232,0.00153398545141355,0.0183874251167269,0.0252083241252987,-0.00644177506871636
1969-07-31,-0.0361448654851863,0.0109851257211346,0.023544220751958,0.0077695410146145,0.0112042415644476
1969-08-31,0.00203686405761347,-0.0512176040324857,-0.0436914661176447,0.0241647025280291,0.0291089537490937
1969-09-30,0.00282482682081981,-0.0382325645570063,-0.0162913745592314,0.0250984906564484,0.0234902956013957
1969-10-31,0.0233455310720337,-0.0186909506324985,-0.0211589238577495,0.00284806731522215,-0.0169456751023169
1969-11-30,-0.0194875907859254,-0.0225461047611225,-0.00253882094502428,0.0105883230857552,0.0393442080156623
1969-12-31,-0.0440673080973345,-0.0285665800442469,-0.0071444740917061,0.00929076368272516,0.0564647512492617
1970-01-31,0.0370914033132186,0.0241517388112383,0.0360479968717198,-0.0120674989966017,0.00103624346215772
1970-02-28,-0.0432201141626501,0.0361874174103829,0.0219414813852031,-0.0194919777458713,0.000295541730437998
1970-03-31,-0.0201999990300779,0.0467668018056266,0.0411468354963073,-0.0108697589177454,-0.0137503946191901
1970-04-30,-0.0658701687322407,0.0591596170197892,0.0738841229119605,-0.0159335498760145,0.0097943367978795
1970-05-31,-0.0330506017768873,0.0406197616165907,0.0423896778404085,-0.0175426524841578,-0.00358574459300215
1970-06-30,-0.0229867540100476,-0.0367777998925277,0.026192457096375,0.0258104811493479,0.0735909903315375
1970-07-31,-0.0180865278537497,0.0185812907133364,0.0168684058246664,-0.00359477762718956,-0.0359218363946976
1970-08-31,0.0121640076832816,0.0237780340310935,-0.0124883828206418,0.00998658571795255,-0.0613810771594602
1970-09-30,0.0846336854343625,-0.0095993363159896,-0.0491046819542718,0.0174874585663067,-0.0853998114585897
1970-10-31,-0.0266996061081479,-0.0250415282691317,0.0138489926070605,0.0196260661891337,0.06515986762387
1970-11-30,-0.0503079121201982,0.00467012655508137,0.0116099578507366,0.00150097609426281,0.0289785955098084
1970-12-31,0.018222182002192,0.0317795810913281,0.0105858062098781,-0.00286342808024442,-0.027353923229886
1971-01-31,0.0744662581841847,0.0407953765970452,-0.00988981957488948,-0.0209435931064756,-0.0611699667499766
1971-02-28,0.0239952056228644,-0.0152558335657289,-0.0110442263988273,0.0174600763985567,-0.00650171613076154
1971-03-31,0.0162469335010258,-0.03027657893317,-0.0232114680827277,0.0209224573182073,-0.012182483621959
1971-04-30,-0.00107136581791384,-0.00605661097720939,0.00182007423145957,0.00191020584684697,0.0252931051394088
1971-05-31,-0.017837165515003,-0.0211740721245181,-0.0098989760435316,0.0134004178054102,0.00986949313184287
1971-06-30,-0.0241412235642609,-0.0253232663338875,-0.0195187381790754,0.0241878245240969,0.0200867959889351
1971-07-31,-0.0111748844425518,-0.00441984283547141,0.00453307933672916,0.00859494108968325,-0.0227166562129111
1971-08-31,-2.00911407042953e-5,0.00109707945029077,0.0203938754723124,-0.00632234678983119,0.0432157332080605
1971-09-30,0.00778655857253682,-0.0327156865741995,-0.0117926606248916,0.0213022964575127,0.0277203165558243
1971-10-31,-0.00964740366830901,0.00180880622167909,-0.0109697839595115,0.00815700195962524,-0.00031194831855165
1971-11-30,-0.0290629676602277,-0.0160020091786059,-0.0134048500756614,0.0250393495002921,0.0141950612525414
1971-12-31,0.0360293123539516,-0.00617236393706595,-0.00371260917238898,-0.000416554596257959,-0.000769114873574991
1972-01-31,0.0795010660602087,-0.00134589258324104,0.010441595446241,-0.0115426270448111,0.0174044163143474
1972-02-29,0.00728726031782775,-0.0454955301581399,-0.0151756676882703,0.0186938041520623,0.0386025039974581
1972-03-31,0.00222240843324624,-0.011648596285517,-0.00919783935956538,0.0103057665103783,0.0187356443033246
1972-04-30,0.00508168203541922,-0.00708654843250903,-0.00377488152537496,0.00194855373087153,0.0232988261866782
1972-05-31,-0.0318819784904206,-0.0502034574241621,-0.0204424916996095,0.0328638181332037,0.0478014732792904
1972-06-30,-0.00624005241964153,-0.0247603843121242,-0.020208253064197,0.0182776557357058,0.0212945044509157
1972-07-31,-0.0203079330879286,0.00384545979982233,0.00438364021606019,-0.00121542122990023,0.0107572286595496
1972-08-31,-0.038869571223156,0.0496306212986588,0.0268772784198744,-0.0162704757048671,-0.0446950512434249
1972-09-30,-0.0146460688289625,-0.00570519566987677,-0.0110049699704334,0.0076702207388695,0.0172817427435394
1972-10-31,-0.0300576545067759,0.0123331339790208,0.00103423228734299,-0.00088824405044593,0.000287052637494085
1972-11-30,-0.00930845771805781,0.0556955448810346,0.0249609910528523,-0.025984812142041,-0.0427827422753428
1972-12-31,-0.0162123419815138,-0.0496974415400022,-0.0196129287960045,0.0286300216513447,0.0492789394182593
1973-01-31,0.00853371036567137,0.00390669697948664,0.00478198822063157,-0.000983447159358379,0.0370976510363134
1973-02-28,-0.0365092149800154,0.0202722334400825,0.0219712408453597,-0.0137496585889408,0.0229439783054538
1973-03-31,-0.0185463033908283,0.0165395230995592,0.0232541952679306,-0.0108397413609654,0.0301340484641379
1973-04-30,-0.0221883027009002,0.0445785275146532,0.0434026652949944,-0.0180428260539561,0.0554937281792941
1973-05-31,-0.0610373846555389,-0.0232107191390094,0.00276806192855245,0.00656058963450042,0.0741532120507389
1973-06-30,-0.0240711982483505,-0.00321125664417037,0.000757631827762447,-0.0108247426301115,0.0372404999786239
1973-07-31,0.0457806975280832,-0.0254898164040674,-0.0347712888998143,0.016934842233924,-0.109801362618561
1973-08-31,-0.0309224498996591,-0.00878900355228003,0.0118121253650949,-0.00975111909380536,0.041462346764909
1973-09-30,0.0054867490509294,0.0354800078019712,0.010938432305074,-0.00596141337088259,-0.0568393015690366
1973-10-31,0.0016670864574007,0.00215019801057135,0.0276552693371145,-0.0263676299411605,0.0568900925093088
1973-11-30,-0.0510254556177827,-1.5249595141098e-5,0.0299689756461635,-0.0418031771748286,0.0853975479227154
1973-12-31,-0.0559663475892636,-0.00844007426737558,0.0153235384625647,-0.0264911147894555,0.0833437694732242
1974-01-31,0.113173229601333,0.124630356327268,0.0334757955384449,-0.0245374270915087,-0.0859191832803405
1974-02-28,-0.00613414084400421,0.0333767261917928,0.0333200455299987,-0.0107022817208503,0.00348685093750346
1974-03-31,0.0346608377593341,0.0168984174567929,-0.00135694615196973,0.0229492254908241,-0.0270679179972352
1974-04-30,0.00030408597923906,-0.000622588700898187,0.00977490260543109,0.024792236960243,0.0202909993218499
1974-05-31,-0.021685320981712,-0.00360656471202779,0.0039267449991917,0.0390567007719077,-0.0161810566838895
1974-06-30,-0.000580122976416707,-0.016138724704894,0.0182605449344173,0.0170569576947377,0.0295265435761341
1974-07-31,0.00684480191424852,0.062494695904573,0.0203580697451252,-0.0380254207221047,0.0290139558633203
1974-08-31,0.0175861227388567,0.0394034824446499,0.0237970991680361,-0.0126631795059114,0.0220882729923512
1974-09-30,0.00914462235474635,0.0723763143260911,0.0390504511149809,-0.0516370013879456,0.0182546932947409
1974-10-31,-0.0822878196078429,-0.0914658849336357,-0.0392863953567743,0.0114261213709902,-0.0168497954403085
1974-11-30,-0.0279508374930863,-0.00233267222734895,0.00536153692921923,-0.0295351750859207,0.02847790788103
1974-12-31,-0.0435718015126642,-0.00552739936085205,0.0231185669110563,-0.00321056675687241,0.0239311024637957
1975-01-31,0.130802663295641,0.174418754847737,0.0381038031871225,-0.0354640320907611,-0.124121587180749
1975-02-28,-0.00197404660025811,-0.0344754715435232,-0.0206965561630916,0.0288920234776659,-0.0130602311761418
1975-03-31,0.0335900888839637,0.0019349829674726,0.00466393036848987,0.0272207268024963,-0.00403885614824004
1975-04-30,-0.0156851817837453,-0.0280149540145117,-0.013880729443195,0.0280274630547198,0.00266416675028753
1975-05-31,0.0231562214189478,-0.0014234686309392,0.00151162636941029,-0.00310663046385661,-0.00444877082625974
1975-06-30,0.00529766433303377,0.028386347236622,0.00226250965818384,-0.0156106912320262,0.00232949244768785
1975-07-31,0.0450336619869668,0.0424121256074474,0.00689184267003769,0.00203337957983506,-0.000569115647412875
1975-08-31,-0.029502949593618,0.00692455670650541,-0.00952971662769607,0.00698703096049184,0.00812721959490764
1975-09-30,0.00247026027922377,0.0115182084142881,0.00285892094211813,0.00462732415643847,0.0100826764057848
1975-10-31,-0.0356686916826644,-0.0108142080601529,0.00803725681471487,-0.0254816402594487,0.0158193190444818
1975-11-30,-0.0137476863737027,0.0129440090699411,0.00307096619942037,-0.0171869091561518,-0.00852192966468139
1975-12-31,0.00210320484250615,0.0260790902829009,0.00850223008504775,-0.00621194020088875,-0.00612552102963802
1976-01-31,0.0592791832010126,0.0714676049403754,-0.0072431658513572,-0.00554184009098305,0.0379187180067539
1976-02-29,0.0880372292511372,0.0502569707960862,-0.00589415896125509,-0.0113690290083695,-0.00501576008695317
1976-03-31,-0.00366849371462165,0.0148920168330674,0.00693465334433473,-0.00661902173298245,0.00737236727684758
1976-04-30,-0.00103253884788562,0.0178729117679651,-0.00156428748529256,0.0010285616099362,-3.87227193036563e-5
1976-05-31,-0.00912489052831567,0.00614351580645089,0.00331798049435111,0.0233696632103922,-0.00643023876603445
1976-06-30,-0.025388177674824,0.00546603080570088,0.00825689957075701,-0.00153324388158919,-0.00805286824813533
1976-07-31,0.00596472729610459,0.0331937570733261,0.0117161097344086,-0.0157465113215483,-0.00803729721296721
1976-08-31,-0.0160816927159258,0.0197147310222746,0.0074635190175338,-0.0121496634229726,-0.00996276859863006
1976-09-30,0.00134569539548875,0.00867394392018806,-0.00280082742614402,0.00211282758860801,0.00113968661156362
1976-10-31,0.00200079564186895,0.0103196135670987,0.00939848172657559,-0.00333832847744111,-0.00352708087085147
1976-11-30,0.0225999567676469,0.0203375665338444,-0.00158854931297542,-0.00161918056852677,0.0213248891896991
1976-12-31,0.0333310830697681,0.032441162494128,0.013949420091632,-0.000121316150760234,0.00850003941302503
1977-01-31,0.0721235498464062,0.0551254451296178,0.0153226352505189,-0.0107889656236473,0.0417843707292893
1977-02-28,0.0169132603618062,0.0104621937953339,0.00520180181826542,-0.00052798037439869,0.00398090273623233
1977-03-31,0.0125869871326854,0.0126715052211825,0.00223268810234091,-0.0054585711555601,0.00855586682590698
1977-04-30,0.00792093832242403,0.0287067927134718,0.00575713437626787,-0.0145957012290532,0.0352998272187263
1977-05-31,0.00882617522549713,0.00572125762845256,0.00309458521963364,0.00648602875543094,0.0183347585660335
1977-06-30,0.0109951461382138,-0.0183918794018301,-0.0194552813168405,0.0181989025611309,0.0164215250320096
1977-07-31,0.0253732757618676,0.00832987944755757,0.00666463075516381,0.00160747565287715,0.0120588243185531
1977-08-31,0.0150053026902955,-0.0248118330135993,-0.00730114786096073,0.00916181614832196,-0.00976353492653336
1977-09-30,0.0137937862266934,-0.00568861895932037,-0.00701250614892269,0.0133922172985177,0.0214390236330084
1977-10-31,0.0175862966453259,0.0120851400204301,0.00630450763040795,-0.000623781491060051,0.00486837809168918
1977-11-30,0.0302455247437766,-0.00374439287074006,-0.00738835374375791,0.00882315895858271,0.0226868718518499
1977-12-31,0.0165375913199796,0.000584706697383821,0.00195057098839834,0.0045271602510338,0.0141483216164648
1978-01-31,0.0400027311506658,0.0281492328116217,0.0226993839171203,-0.0288516823128205,0.00319672909964776
1978-02-28,0.0404606742350867,0.00449010313609315,-0.00250666088466759,0.0145472558540439,0.0263693376112437
1978-03-31,0.0289400240995016,0.0123260036766834,-0.000318921492432095,0.00522781604789237,0.0156839751604367
1978-04-30,-0.000951931675509513,-0.0324864732695025,-0.0255443359396993,0.0333362576617931,0.00392053061769183
1978-05-31,0.0364359272935794,-0.0198444488118081,-0.0057552632581348,0.0153311550200038,0.0294993636127684
1978-06-30,0.0113014518839785,-0.00388875723494265,-0.00435131854962911,-0.00341940042494247,0.0216383155768074
1978-07-31,-0.000936934732960935,-0.0175095285113968,-0.0143507729145848,0.00899788728495708,0.0365573747832548
1978-08-31,0.0489681435122999,-0.0137225004372184,-0.019165014485528,0.0241728936476561,0.0458627657007498
1978-09-30,0.00403282700851864,0.0334360666962673,0.0151620685200315,-0.0145876375365508,-0.0244649501947853
1978-10-31,-0.085612110362514,0.0441274707478209,0.036937906574654,-0.0238224980397016,-0.0997555552821203
1978-11-30,0.0304482168643878,-0.0144274465128032,-0.0144487773257435,0.0184421516842434,0.0565478958261737
1978-12-31,0.00800877373487136,-0.0204753246121542,-0.00981850002114451,0.0122689959648765,0.0290363989280786
1979-01-31,0.0426346895464518,0.0284855979041439,0.0158167201661328,-0.0240582906016073,-0.00876852232055987
1979-02-28,0.00797102820670724,0.011359364790865,0.014975153318502,-0.00284844864366807,-0.00954024183818878
1979-03-31,0.0191400509906151,-0.0101511792628784,-0.0162525934418826,0.0138768326675281,0.0386541260006389
1979-04-30,0.0225591475818595,-0.00874015929672819,-0.0122428480464587,0.0206234930428016,0.0159399771948939
1979-05-31,-0.00402034116273521,0.0161527180317452,0.0130974819718434,-0.014130479001371,-0.00447901297175294
1979-06-30,0.000760807923060311,0.003056881296882,0.0070510792578522,-0.0232873777598752,0.0121349842657554
1979-07-31,0.00820328044359944,0.0128197300089349,0.0019088755165018,0.00830287183467212,-0.0105835493025263
1979-08-31,0.0111566399162967,-0.0204238859617297,-0.0166050228773458,0.0215613616387352,0.00849624347284166
1979-09-30,-0.00353058214422131,-0.0225695314311056,-0.00875178869484005,0.0141820912517494,0.03698418724988
1979-10-31,-0.0293614188188203,-0.0185262985626602,-9.6011361782028e-5,0.0105166370729911,0.0125415625062332
1979-11-30,0.0118140522092281,-0.0467990288858679,-0.0296492052041335,0.00647451205331491,0.0814224764549786
1979-12-31,0.0364705675519993,-0.0331402369599735,-0.0132997916324837,0.00808102182363046,0.0532364569224153
1980-01-31,0.0322037205162462,-0.0359492007538512,-0.00388579121366849,0.00111183835571548,0.0874037214543542
1980-02-29,0.00295692936441932,-0.0518305812434887,-0.0147188358548087,0.0133666530516064,0.0783475628854868
1980-03-31,-0.0663803930003821,0.076275384533036,0.0327990013182082,-0.00985650232324214,-0.11697617670575
1980-04-30,0.00570463143867647,0.0154068723163995,0.00252638030064489,-0.0238351583876385,-0.0129550880622421
1980-05-31,0.00591720626854271,0.0130476195542496,0.00373987002493692,0.00646957732815915,-0.0153089194683064
1980-06-30,0.00200437835431047,-0.0264729720858693,-0.0274430430211352,0.013134992628302,0.0320952964340599
1980-07-31,0.0266360818952736,-0.0545564319168255,-0.0350037288790397,0.0583603499794056,0.0320392058034839
1980-08-31,0.0508238889055659,-0.0337030037511414,-0.0306292561453302,0.0310444419242568,0.0317166449975066
1980-09-30,0.00791387453584227,-0.0485025692164846,-0.0348199817499105,0.030998577228462,0.06075636141157
1980-10-31,0.0319182083181609,-0.0349089614296628,-0.0201809402986238,0.018075307483137,0.0572054145080568
1980-11-30,-0.0125639045185778,-0.106199251524657,-0.0760328186615665,0.0712100362234696,0.139800610430685
1980-12-31,-0.0193577796548891,0.0548213714273023,0.0257879374908514,-0.0280150578883568,-0.0624044738309507
1981-01-31,0.036008099753368,0.0847901789628461,0.0571510328979398,-0.0495968797079587,-0.0891353616334827
1981-02-28,-0.0178559170057677,0.0175040415635306,0.0235995857357663,-0.00490631737236422,-0.0099930453036592
1981-03-31,0.00732461636066045,0.0188452783925068,0.0175331593507557,-0.0197918160449929,-0.0150681623686151
1981-04-30,0.0392607763776378,0.00927617222987082,0.0107083172582098,0.00748164091371648,-0.00284876909088373
1981-05-31,0.0102417375900356,-0.0192811340238049,-0.00832273346430455,0.0096810874452499,0.0258114637500276
1981-06-30,-0.00547434852038094,0.0773532601223363,0.0400121337630206,-0.0235838943859403,-0.0582238891688776
1981-07-31,-0.016380113384729,-0.0123035798151905,-0.022263064624853,0.0158070951674134,-0.0261650308336704
1981-08-31,-0.0254999581781343,0.0305404261776796,0.0146279311940421,0.00234932612108132,-0.0236309439331818
1981-09-30,-0.0250334741213709,0.036486872565976,0.0375689886195351,-0.00625079465177776,0.020526264662769
1981-10-31,0.0121754757785785,-0.0635661432800515,-0.0416962775524254,0.0391619234132893,0.0396636824078795
1981-11-30,-0.0177897043080474,0.0385649702786781,0.0111448994804116,-0.0181526267223369,-0.0148989579822197
1981-12-31,0.00878935773551423,0.0124710426911292,0.0195323597741154,9.64633527654746e-5,0.00500955092453891
1982-01-31,0.00942021696640282,0.0263010655445858,0.0388508476595518,-0.0208358218234108,0.031077192455424
1982-02-28,-0.002347494585261,0.0507095678484718,0.0518835957637866,-0.0342643738853387,0.0495937715186714
1982-03-31,-0.00387612522302367,0.0217936451767055,0.0371163206764463,-0.00423707644573468,0.0369448858308603
1982-04-30,0.0110786167722382,-0.017847435657838,-0.00340893954796686,0.00480491510013954,0.00462995362666161
1982-05-31,0.0110892171384662,0.00992320080930772,0.000768307823066574,0.0088554581128197,0.025299710669184
1982-06-30,-0.0115457713990601,-0.00237680987099135,0.0319566818940002,0.00203049930624417,0.0541450311813269
1982-07-31,0.0107919408846595,-0.0156584754622153,0.0253848650508585,0.0077491223626819,0.0367948048142625
1982-08-31,-0.0627251613192896,0.0280243539213,-0.00443773326123447,-0.0290834941105056,-0.0410151275541727
1982-09-30,0.0237751665760224,-0.00789925452069921,0.0115362891663572,0.0196324176917885,0.0341220284380254
1982-10-31,0.00705878032007942,-0.0290154404224428,-0.011743420480714,0.00165558405561408,-0.0146798408524427
1982-11-30,0.038035837272137,-0.0549571112836366,-0.0171093810371378,-0.00322278049177945,0.034257092737771
1982-12-31,0.00348197203486857,0.019088385964645,0.0123494684684921,-0.00790898166561757,-0.0047207223296225
1983-01-31,0.0619604891496232,-0.00335279736748795,-0.00385474483297904,-0.0268235780287078,-0.0288160935455361
1983-02-28,0.013119643107338,-0.00811989282246789,0.00236818348153363,0.00300526282454588,0.0415845800416161
1983-03-31,0.00910007001730956,0.0121397331897766,0.0172071298146155,0.00646548456491418,0.016520066030554
1983-04-30,0.0127647892713344,0.00675164079085799,-0.00467806360936846,0.00278878379608656,0.0179454683314094
1983-05-31,0.0599222096134101,-0.00635768511565756,-0.00368695628036934,-0.0165023839181771,-0.0135239325412222
1983-06-30,0.00684305478178143,-0.0388475564487785,-0.0109314726166869,0.0354841456344807,0.0224751372873925
1983-07-31,0.0128632511541286,0.055235569285212,0.0225970874169295,-0.0135307042908038,-0.0244094494630912
1983-08-31,-0.038225737954122,0.0565432330479037,0.0284691529552077,-0.00651852916571472,-0.0535214422715438
1983-09-30,-0.0144384711639959,0.0188412912406761,0.00476943382129769,0.00683009442107259,-0.00902303047083822
1983-10-31,-0.0353113614784399,0.0672609332118755,0.0329523382028168,-0.00440267925376296,-0.0635420173035075
1983-11-30,0.00694598553316166,-0.0111889812901487,-0.00250959288235744,-0.011472390878584,0.0179004856382493
1983-12-31,-0.0136856403599183,0.0345513425832955,0.0160940441982273,0.0071688191788347,-0.0139243721426805
1984-01-31,0.0252900704540274,0.0709843184776937,0.0508429699328596,-0.0168363954896227,-0.0184543355172492
1984-02-29,-0.011424134111454,0.0160936378555256,0.0178896639276235,0.00770646977288303,-0.000718809466096355
1984-03-31,-0.0128026379325055,0.0173611628242828,0.0108194444073451,-0.0195729001776495,0.013034600528848
1984-04-30,-0.00984481756451662,-0.00627525361631627,-9.23032182872072e-6,0.0312025147118187,0.0135189653146162
1984-05-31,0.0038481917356833,0.00701088809977711,-0.00428857231896368,0.0273821891531972,0.00422155342609796
1984-06-30,-0.00884714124234486,-0.0382501217606644,-0.0306055516660787,0.0442892372247559,0.00407115514781832
1984-07-31,-0.0246431151509021,0.0152839618398777,-0.00515469128076369,0.0284785030161858,0.0342767385156841
1984-08-31,-0.0123613856128911,-0.00222475890623409,-0.0103674240401029,-0.00982424181208935,-0.050244618335986
1984-09-30,-0.00591191777078046,0.04685359163253,0.0207742219331276,0.00770357076723376,0.0316530730496205
1984-10-31,-0.0234896210214783,0.0188918345933342,-0.000103840129212129,0.00503306401053811,0.0373027945639217
1984-11-30,-0.0195775392111313,0.035990858330792,0.0303537569132804,-0.000726602593650401,0.011394448326344
1984-12-31,-0.0127778735122096,0.00343773879891409,-0.0123473091583557,0.0134588242908434,0.0132556414333019
1985-01-31,0.0441985943254682,-0.0372597748629671,-0.0423604149980233,-0.00135299237457514,-0.0546366818276395
1985-02-28,0.016306126739019,-0.00949421510160814,0.00438985324457249,0.0213557432110102,0.0218727511644233
1985-03-31,-0.0209571963473211,0.0243885087204448,0.0350878689560078,0.00307024151503614,0.0141148050836337
1985-04-30,-0.00575293052385116,0.0185121700800254,0.0143220940609846,0.00333672464016443,0.0301415136091649
1985-05-31,-0.0316915341852492,-0.0139539137904114,-0.00197553379730717,0.0214479311797211,0.0298904800975412
1985-06-30,-0.010478805011719,-0.00436819218173152,-0.0103759869919595,0.0129238989274464,0.0307301079572842
1985-07-31,0.0341646663754276,-0.00119650078905536,0.00541655356055318,-0.00836954647539955,-0.0411375078005155
1985-08-31,0.000288350825884724,0.0139518682727151,0.0198898303441624,-0.00239028316863558,0.0115526706857259
1985-09-30,-0.0149233444448375,0.00475803980411676,0.0257349765649079,0.0112777622584888,0.00910844637765775
1985-10-31,-0.0190486833013203,0.00477315539377423,-0.00409132655359502,0.00578302156852116,0.0436082437818734
1985-11-30,-0.00426898736503375,-0.017672974822687,-0.015823591283826,-0.000564388022884182,0.00313853561064913
1985-12-31,0.000231218170696023,0.00364537022651232,0.00275094539257659,0.000492336415948935,-0.000906735508874925
1986-01-31,0.0212619709171711,-0.00199829000572477,-0.00800921042667211,-0.0107655395205404,0.0364772873231579
1986-02-28,0.0029461479077012,-0.0146036795649092,-0.0117897655005781,-0.00279754395532856,0.0241010292862679
1986-03-31,-0.0461472827593258,0.0125511540611191,-0.0116211852164557,0.0119701595638452,0.0228876549841652
1986-04-30,0.0396141053828979,0.00604461419200063,-0.046643910889363,0.0507547172735315,0.00205555486112205
1986-05-31,0.00299928033276095,-0.0223149737348359,0.00666179579728767,-0.000286267382547051,0.021104759296761
1986-06-30,0.00838187690719486,-0.0156904980264592,-0.000659732399682373,-0.000863171605676222,0.0416908695595479
1986-07-31,-0.0306706235899411,-0.0174781591607499,0.0301703299918554,-0.0144151180875092,-0.000857406415116497
1986-08-31,-0.0585242228073246,0.0291404973288313,0.0351648500410311,0.00908833979433992,-0.0486633960190171
1986-09-30,-0.00474840133350952,0.0213316067880752,0.0242098946671234,0.0482335326646342,-0.0550284382153561
1986-10-31,-0.00300980693187655,0.0629765825587837,-0.00514126577350818,0.0118335916720696,0.0278253139264887
1986-11-30,-0.00529935948941157,-0.00963646981396139,0.006613771074045,-0.00687390803511358,0.00153168719195941
1986-12-31,-0.00993057918389021,0.0270295541951485,0.0169776880898386,0.0140278625156547,-0.00354601968461147
1987-01-31,-0.0191070998799038,-0.030817797158153,-0.0044937448167795,-0.0472730620546639,0.0239773267908943
1987-02-28,0.00855282307036639,-0.0301627804797828,-0.0170799487900379,0.00933102251174203,-0.0117971035613875
1987-03-31,-0.00408309636122718,-0.0355928512607079,-0.0120256921750696,0.0346654162783353,0.0402471913503426
1987-04-30,-0.0248592097664709,-0.0503875405181593,0.0286722890753853,-0.0213101555604755,0.0402215817658855
1987-05-31,0.0241388742607654,0.0574115443409714,0.0455776656001289,-0.0386599863833616,-0.0488255081392756
1987-06-30,0.0321613693603589,0.0915229870858798,0.0259586734862166,0.0117776338265253,-0.0637935734158452
1987-07-31,0.0161743177986337,0.0303499778908246,0.019551859714024,-0.014496470483123,-0.00707856173654066
1987-08-31,0.00563225368148336,-0.00343705019699478,-0.0201588156727714,-0.0115544086347388,-0.0101230359967515
1987-09-30,0.00822629745012895,0.0233071541088669,-0.00971565590117169,0.0252385093705247,0.00359699669620621
1987-10-31,-0.00349111187926934,0.0309539319016871,0.0479649799604805,-0.00289322385703874,-0.0423019431207001
1987-11-30,0.00522198416971116,0.022535157003197,-0.0219969088223007,-0.0179728824279999,0.0090784592163542
1987-12-31,0.00367535575110234,0.0100165808273136,-0.0744035668726531,0.0317619597782547,0.00324888808068917
1988-01-31,0.0205748510114753,0.0149728198735258,0.0370335331610521,-0.00439460143417994,-0.0293966630714404
1988-02-29,0.00873411063581341,-0.00420849451108425,0.00225042892540754,0.010109249558557,-0.0148164641792294
1988-03-31,0.0255062217632603,0.0196714915363507,0.00186763139384842,0.00632038234259155,0.00801582137804329
1988-04-30,0.0246174743611348,0.0191457374904453,0.0227549442912518,-0.0141817046829202,0.015138559281696
1988-05-31,0.0304796745428477,0.00608779541351498,-0.00968772833050648,-0.0544346929339869,0.0050678269178162
1988-06-30,0.000452214592648746,0.0118264455592954,-0.0222486846905219,0.0136926184497658,-0.00306785136205689
1988-07-31,-0.0265183572591041,0.0253819801143601,-0.0374184551039003,0.0207078800196853,-0.00207773265352593
1988-08-31,-0.000930862186175074,0.00650755196153417,0.00563279144108721,-0.00379964016816411,0.00563182462497108
1988-09-30,-0.0244170744677771,-0.0141388891387945,-0.00119549248805025,-0.0117848043905366,0.011286410910568
1988-10-31,-0.0184497575553194,-0.0176137812934869,-0.00960007581451576,-0.0185145899152486,0.0183140820416008
1988-11-30,0.0105130876318819,0.0150218472956033,-0.000115501717654609,-0.0121951526092054,0.0003018330957277
1988-12-31,-0.00946700271254625,0.00283030343352044,-0.0194679342395973,0.0179047137532094,-0.00293590596305118
1989-01-31,0.0238904533966775,0.00669070036775542,-0.0109234286113341,-0.010617443515614,0.0107685147538555
1989-02-28,-0.00295395313253297,-0.0201963942436584,-0.00618339119333568,-0.0157199230129009,0.0364383130766712
1989-03-31,-0.00814276877850871,-0.0107356193184454,-0.0101153560608588,0.00842886514124747,0.0293112925252641
1989-04-30,0.00405107671848385,0.00646160715767855,0.012841961134807,-0.00606632647102863,0.0205648153911287
1989-05-31,0.017048414884459,0.0268796801282085,-0.02010025962716,0.0144374425292084,-0.0188415520496846
1989-06-30,0.00104307422053533,0.0234565236334489,-0.00346494296282726,-0.00110805777280267,-0.0186682621273069
1989-07-31,-0.0279884942681713,-0.0131789368930782,0.0070777365521361,0.00534798815642975,0.0274553759501717
1989-08-31,0.0320494355462313,0.0226911221569898,-0.0218104271244549,0.00568706708259398,-0.0225061710275757
1989-09-30,0.015260076414056,0.0020422558920811,-0.0108227929023802,-0.000168065612960447,0.00325758321789053
1989-10-31,0.000492600076087864,-0.00789152473052207,0.0104473185154196,-0.0126725658347221,0.0216801428554254
1989-11-30,-0.00952925500264361,-0.0188781160697095,0.0118939942268315,-0.0177943774631704,0.00716176696425698
1989-12-31,-0.00298893473469236,0.00749399962673155,-0.00575263621029933,-0.000494298480452023,0.00407105406584788
1990-01-31,0.0327911722437763,0.0198291841396689,0.00481465511973799,-0.00267161222367167,-0.0083631705811033
1990-02-28,0.0357522333895502,-0.00152462201853612,-0.00531147922646394,-0.00048676506302425,0.0223974410377121
1990-03-31,0.0185947197180587,0.00827839619834328,-0.0203522091890665,0.0222944314240271,0.0250415671310398
1990-04-30,-0.0209534935447058,0.00435191287205645,-0.00183829691556807,0.015008815271479,-0.0257834431995627
1990-05-31,-0.00528128441527305,-0.0267276359168522,-0.00593916927307027,0.00016810010063211,0.00768952577337528
1990-06-30,0.026612623891729,-0.00507763381550427,-0.0180719552310986,0.0125587049698514,0.0517071796097107
1990-07-31,0.011678961206402,0.000855685280323111,0.00924712613899244,0.00214989572467725,0.0319775340531496
1990-08-31,-0.0218859383846004,-0.000187346916811494,0.0135757917058588,-0.00612035729200355,0.0139244943880748
1990-09-30,-0.00760012687407536,0.00679210647607713,0.0161861510720306,0.000789666753869328,0.00924381724388942
1990-10-31,-0.0279830536935496,-0.007764660014424,0.00216814669562932,0.0140401060403379,0.00328353589005922
1990-11-30,-0.0252480629818662,0.0162944953785996,-0.0232900089952857,0.0161066194877516,-0.00735167584731533
1990-12-31,-0.0278433930944256,0.00493371077580663,-0.00571217605049296,0.0104357216248897,-0.0337089232622311
1991-01-31,-0.0203865213811174,0.00954907818572369,-0.0154052703709427,0.017326822871193,-0.0149989419292968
1991-02-28,0.0578890479334731,0.0308149293137365,0.00860968214130999,-0.0172962842048146,-0.0835549284958596
1991-03-31,0.0400968412658098,-0.00353802909244655,-0.00796058721552095,0.0157511103565924,0.00712626189899944
1991-04-30,0.00729263385811664,0.00936459762543562,-0.00138216871024418,0.00627568680225832,0.00331284560192853
1991-05-31,-0.00934074870599829,-0.0016904990503844,-0.000383297132665437,0.000784859561477003,0.0105453145642326
1991-06-30,0.0149406572728018,0.0106294154523191,-0.00277711724514532,0.0158173191313235,0.0169401638800165
1991-07-31,-0.0287815723562252,0.0035080353991274,-0.00691831253536995,0.00766880532099032,0.0295459378280172
1991-08-31,-0.00435466851139172,-0.00446995144341281,0.000127191142853249,0.00145497590302726,0.0135273859474055
1991-09-30,0.025395602707305,0.00211357007163535,-0.00283453245736604,-0.00402518108951985,0.00301957071385807
1991-10-31,0.011258121848561,-0.00825050559925298,-0.00141158458223281,-0.0133272337745217,0.00716753047487229
1991-11-30,0.00414889653462264,-0.0121797389428289,-0.00439231316413791,0.00555407849746258,0.0166868847592642
1991-12-31,-0.036273139789157,-0.0309714675945527,-0.0156943857692304,0.0210596475979746,0.0421145662542979
1992-01-31,0.0377556195697003,0.0206201093854468,0.00730676626542079,0.00182021320719943,0.00182801164900438
1992-02-29,0.0132525916203664,0.00682258425111622,0.0110047679827811,0.00287371770418336,0.00318396414692734
1992-03-31,-0.00470415985851828,0.0162565493018721,0.0151564527007427,0.00913756735313728,0.00459656465894741
1992-04-30,-0.0398127763253915,0.0542539871178081,0.0201923167897855,0.00953620074480911,-0.0171973096740214
1992-05-31,0.00946328380947274,0.0101484699262956,0.0102198292025711,-0.0110153519061462,-0.00502962745336405
1992-06-30,-0.0126445295191236,0.00830873064894708,0.00117050786028819,0.00581956004674009,0.0218870806203512
1992-07-31,-0.0143160793338571,-0.00355296096177571,-8.17229989180146e-6,0.00302883693920835,0.0153678421397401
1992-08-31,-0.0164430475301775,-0.00329688878178858,0.00497464505465794,0.00316215022999175,-0.0136580813492374
1992-09-30,0.00290559386387517,-0.00584647480099504,-0.0126189353189292,-0.00241615145366764,0.0130486727966554
1992-10-31,-0.00225862845491765,-0.00345978605501915,-0.0154085251012052,0.00794047668493155,0.0123834955364752
1992-11-30,0.00645761461906724,-0.0105871323439397,-0.0140116677788148,0.00870063981052349,0.00227663351398625
1992-12-31,0.0192889086615911,0.0145745478673878,0.00645857142820773,0.00479203980030627,0.0104938676680743
1993-01-31,0.020586324795609,0.0192694540997482,0.0111895924871349,-0.0151682718051845,0.0177329514046766
1993-02-28,-0.00890405962016129,0.0395154193204682,0.0254103211369699,-0.0246768666863576,0.00418321005728507
1993-03-31,0.00718356855515951,0.0246577632037755,0.0120577889045565,-0.00770912971315124,-0.00876864890300292
1993-04-30,0.0126693505818836,0.0352923542654854,0.0291966825100991,-0.0308712862337582,-0.0122813971723581
1993-05-31,0.0553865903971067,-0.00642786296339268,-0.00792687431261378,-0.00419450263545116,0.00210585769101507
1993-06-30,-0.00718409769072145,0.0070699519453993,0.00393175361955161,-0.000478243286374442,0.0262142473229308
1993-07-31,-0.0100465359102592,0.0148979434571129,0.011145360752386,-0.00784417179468281,0.0132629454236723
1993-08-31,-0.000341707142976835,-0.00469922998246422,-0.00734018824409437,0.00567995525957904,0.0132956780466984
1993-09-30,0.0143480142607167,-0.00514942536603588,-0.0109076892757101,0.0256473191156413,0.0182173571671406
1993-10-31,-0.0114937757528043,-0.00173175682511761,0.00690836584189786,0.00229810145373896,-0.00202643132260288
1993-11-30,-0.00680391757187837,0.00322965446717151,0.00312196672621842,0.0194056911007102,-0.0214435456843305
1993-12-31,-0.0106903819536829,0.0122137886251322,0.00355740484488753,-0.000999772631081757,0.0219728455790529
1994-01-31,0.0216907185142416,0.0211617524762084,0.0185549357817715,-0.0171199802863576,-0.00519058838978284
1994-02-28,0.0221140428729155,0.00947524091833712,0.00368137175060436,0.00587139563507304,0.000718638107607849
1994-03-31,0.0142564339180591,0.0159841052246718,0.00849935616640819,-0.000770771552299978,-0.0104180870078336
1994-04-30,-0.00141952830593053,0.0155530708159435,0.0133734598266035,-0.00485447234436353,-0.00496695240462109
1994-05-31,-0.000626899396520762,0.0125763291965575,0.0158595156027945,-0.00224686549488996,-0.0130263935846537
1994-06-30,0.0135158280020138,0.0211074912175253,0.0182921294866719,-0.00419996623055406,-0.00662297229118873
1994-07-31,-0.0183307044191066,0.00719697014017809,-0.00585369043395673,0.000357634621775922,0.00368940232226013
1994-08-31,-0.00702391699413128,-0.00728001774876934,-0.00116708635377948,0.00497960849765217,0.0105986562928898
1994-09-30,0.0135546944086525,-0.00749328217723101,0.000873421581192759,-0.00213038201358212,0.0107982348095731
1994-10-31,-0.010003077025672,-0.00240286824599117,-0.00053213018574559,-0.0048805265637763,0.0100892985968278
1994-11-30,-0.00543863029667598,0.00303783164670751,0.00390302457148895,0.00907414769813949,-0.00976788585745006
1994-12-31,-0.00139093770761435,0.00128148592709823,0.00706654210464882,0.00353761627901457,0.00804650099534258
1995-01-31,0.0063355006858201,0.0241448633982421,0.00851715650158114,0.00649906046529509,-0.0238786785834104
1995-02-28,-0.00556890620195402,0.00331131902030157,-0.00491256914203241,0.00926648094636502,0.00268137879053858
1995-03-31,-0.017658477588983,-0.0138630081992693,-0.00570207076640656,0.0170661037075735,0.00297410987942517
1995-04-30,-0.00655685511363289,0.00501572881276061,0.00673587207730786,-0.00109877802921666,0.0104371732757004
1995-05-31,-0.00309134253903301,0.0129462045982034,-0.00541349637627238,0.00330879963693552,-0.00115187131663654
1995-06-30,0.0047615390553188,-0.0207740817733963,-0.0257647145243594,0.0182090445696241,0.0251517711566206
1995-07-31,3.63886788396389e-5,-0.00717147085300089,-0.0125978221308018,-0.00513072871943069,-0.000322361361834742
1995-08-31,0.0131657883129935,0.00251421385524513,0.00547461611530226,-0.00329812033236858,-0.00884803792767104
1995-09-30,-0.0140513354136747,-0.0133626525634808,-0.0036083977184936,0.00458782965154174,0.0233738380832809
1995-10-31,-0.0167065245824234,-0.00532232726407456,0.000369817105611735,0.0107844428998916,0.0249400668589378
1995-11-30,-0.0144303154060892,0.00269797209190926,0.0173956596965803,-0.0142659524811153,-0.00519392070593788
1995-12-31,0.00649748561079311,0.0136928173348001,0.0218404870760459,-0.0180456695039875,-0.0105283436249352
1996-01-31,0.00222337739063965,0.00724544695100027,0.00777662023823922,-0.000545375817357092,-0.00570304407677078
1996-02-29,0.0088510905522311,-0.00999756469580876,-0.0172745616990092,0.0138773205923896,0.00728768000102968
1996-03-31,0.00195535797458233,0.00447993203928677,0.00860263139446058,-0.000591574125312076,0.00210613463584519
1996-04-30,0.0314153673908326,-0.0118011874428356,-0.0141154193828732,0.00095992914667232,-0.00342952676013491
1996-05-31,0.0262209022391906,-0.0134127818771853,-0.00493808808999686,-0.00284307747473806,0.0112573651949824
1996-06-30,-0.0167828039458432,0.0178766224728593,0.0200093496346143,0.00985128217047972,-0.00123496223278134
1996-07-31,-0.0177773156431762,0.0257896408099213,0.0175062799452318,0.0141017260349368,-0.0147886031891517
1996-08-31,0.00417634971403108,-0.00796964924666921,-0.0112067986772997,-0.00152467222437046,0.0129860779014442
1996-09-30,-0.0212952299494345,-0.0170719559693236,-0.0148611152184094,0.0111416252198589,0.0167885363298795
1996-10-31,-0.0105020324471912,0.0198821943184081,0.0224808458776128,0.00552118679574298,0.0160514197277478
1996-11-30,-0.0302360327217004,0.0122935114151365,-0.00194018592421517,0.0192580735807639,-0.00620160571268436
1996-12-31,0.00713811751424387,0.00820976214842377,-0.000433877278314155,0.00364000417211846,0.00600120062582841
1997-01-31,0.00971482015369793,-0.000136192376357732,-0.0158878617502532,0.00957411809065723,0.0189776503824076
1997-02-28,-0.0107531648206601,0.0255474709246741,0.0262294814837967,0.00348710451266154,-0.0126955714458092
1997-03-31,-0.0124342913800292,0.0144349455124712,0.0181338329222758,0.0166752702160646,0.0133673325536748
1997-04-30,-0.0378067768171868,-0.0147581827234216,-0.00092594940024238,0.0285110026117193,0.0402823897724042
1997-05-31,0.0217256152340809,-0.00558242439375686,-0.0313424387692816,-0.00429302015292323,-0.0222198296548774
1997-06-30,-0.00623039074918002,-0.00606526614145917,-0.00210271276593567,0.00997800865546274,0.0207574009075842
1997-07-31,-0.0354099275334876,-0.0252633679239636,-0.0235537283149585,0.0141678265564045,0.0606733770077772
1997-08-31,0.042654567434948,0.0142571738948334,0.00326473091492312,-0.00891423323262641,-0.0104916264216701
1997-09-30,-0.0105172920615286,-0.0171412342226121,-0.0205305305495155,-0.00038715630136923,0.0369338179386038
1997-10-31,0.0188148842962701,0.0224778600563381,0.0127703127642748,0.000924565706330627,-0.00505079078347145
1997-11-30,-0.0472345973211533,-0.0123921505051816,0.0089809338188881,0.0250118530977043,0.0259111634699798
1997-12-31,-0.0355665701908718,-0.00134819068009853,0.00187154488687764,-0.00313842423416863,0.0354309396940309
1998-01-31,0.0121863382258406,0.0133813250752527,0.00312841441922763,-0.00280440161902438,-0.0174787302976622
1998-02-28,0.00136182036986719,-0.00230148937383371,-0.0110560168782813,0.000352696768950059,-0.00596938057418507
1998-03-31,0.00310833882460797,0.00503290381595982,0.00231156540434126,-0.00222876412426585,0.0147050712360877
1998-04-30,0.00888957968509388,-0.0052107012108951,-0.00642949005134314,0.00427304741655136,0.00308714388410677
1998-05-31,-0.00805587315604435,-0.000522459239291547,0.0176154735574802,0.0108703096585329,0.0139136820819302
1998-06-30,-0.0291144211202664,-0.0304001287536206,-0.0181851056292683,-0.00553004929522438,0.0581851478786638
1998-07-31,-0.0248517733812194,-0.0279018047646297,-0.00365157026058344,0.00402503837112089,0.0408151395624648
1998-08-31,-0.0178229756513925,0.0205555586267831,0.052829841347493,0.0109972043256322,0.0156002759897971
1998-09-30,-0.00846137500598615,-0.00390381406000724,-0.0125228386334337,-0.023600991337739,-0.0128719721723296
1998-10-31,-0.0447719421309466,0.00471095962410016,0.0126271841647105,0.0170887048353154,-0.0451144527867498
1998-11-30,0.0114232103886809,-0.0132350565300289,-0.0214760561196574,0.00163786038540526,-0.00466832018309726
1998-12-31,-0.022232271772775,-0.0639476706599617,-0.025366233795637,0.00880938638692482,0.0676276551497369
1999-01-31,0.00657905532170345,-0.0599246160657182,-0.0380293492424764,-0.00921332389376804,0.0393141669656832
1999-02-28,-0.00972499280553472,0.0164083377920448,0.0246044298337094,0.011442434024256,-0.0135202966583294
1999-03-31,-0.0223345071913307,0.00521480797933493,-0.0152285463781188,-0.0133416359794274,-0.0199640714820907
1999-04-30,0.0174510155957698,0.0576079420264332,0.0124668351747358,-0.0179471828102727,-0.0707842764881468
1999-05-31,0.0300784247182816,0.026192640282997,0.0182652206370407,0.00263206735527376,-0.0174579092610884
1999-06-30,0.0142690356473076,-0.029313994279067,-0.0125567446758148,0.00588675699715196,0.0322791827102664
1999-07-31,0.0177457651588966,0.005583733103211,0.0197954523724459,-0.00042459473493262,0.0127777665064531
1999-08-31,-0.00705509500931943,-0.015764766777429,-0.00154903170091521,-0.00687145435391346,0.029990047107799
1999-09-30,0.0123673509693579,-0.030362502505696,-0.019276394746625,-0.00942584393567385,0.0349573291663198
1999-10-31,-0.0446317189426633,-0.0559801189980373,-0.0313822753004721,-0.00328353648749805,0.0582414394900651
1999-11-30,0.0104042369016625,-0.119593861275401,-0.0664942329237525,-0.0153290537247673,0.107935241004794
1999-12-31,-0.0205567495478308,-0.127652581998097,-0.0628532950280657,-0.0407413799925594,0.120017068798849
2000-01-31,0.0701705165679634,-0.0328976906806231,-0.000887198623965906,-0.0368643215735579,0.0304492796178672
2000-02-29,0.0413464151472876,-0.229047995916986,-0.0817891523882256,-0.0933892057061301,0.188530233593988
2000-03-31,-0.0124430333263241,0.149134372979614,0.0539507467660703,0.0871128498399842,-0.117466147229754
2000-04-30,-0.0350096268824058,0.115119706196109,0.0535544324476077,0.0883096316618983,-0.0986388252979516
2000-05-31,-0.0190546978995235,0.111364342649677,0.0753875103424825,0.0459488552651506,-0.108069619292594
2000-06-30,0.0429423948151005,-0.0857242847892823,-0.0700972202581586,-0.0887671695060011,0.0999873385689946
2000-07-31,-0.00817628059909543,0.06385508848501,0.0235884631060014,0.0423147239263102,-0.0303176489828545
2000-08-31,-0.0125416614623443,-0.0399103683489007,-0.0369918947968868,-0.0256780389775175,0.0560383866238997
2000-09-30,-0.00401331497554025,0.0471304634175065,0.0581240358089353,0.0266483506388756,-0.0178236425516547
2000-10-31,-0.0444365372564994,0.0685052488250106,0.0833766615248909,0.0740811675877313,-0.0565686365248674
2000-11-30,-0.0136501661348936,0.120379350332049,0.15937710272895,0.106841722252506,-0.0802195959746529
2000-12-31,-0.036496706150215,0.0211038863082493,0.0380255519427612,0.0110839995365401,0.0251267328635191
2001-01-31,0.0940102993595856,0.045788989751137,-0.0650611782136264,-0.0432418618660738,-0.154349511793309
2001-02-28,0.00151363526543045,0.107698603004107,0.136620778551345,0.068573939507591,0.0949183141526046
2001-03-31,-0.000792741439837527,0.0469032898469996,0.0755121855307709,0.0463255264604918,0.079681745332058
2001-04-30,-0.0110839481037454,-0.0272299786156906,-0.0714530122775341,-0.00729707450526155,-0.070464574413484
2001-05-31,0.0466122179864625,0.0214689792798718,0.0329287322997302,0.00716121436932053,0.0417615974974416
2001-06-30,0.0261459722337663,0.0155275671142502,0.0304064051146856,0.00912166938584093,0.0408731749570283
2001-07-31,-0.0201627572702995,0.0165960719966792,0.0477178922557788,0.0559652711050968,0.0609693030024727
2001-08-31,0.0102846649773563,0.0271169322752327,0.0475303327137954,0.0125702793128311,0.0700508121721245
2001-09-30,-0.0232189868490037,-0.00584331653522643,0.0403133299320871,0.0294825047511913,0.111294038753825
2001-10-31,0.0273177978192402,0.00348033710040777,-0.0488013487149527,-0.015466420914848,-0.080391572471251
2001-11-30,0.00359034537885999,-7.99387164821824e-5,-0.00892512684461471,-0.0100514830541224,-0.0914660483096855
2001-12-31,0.0176042408778457,0.006833239698587,-0.00239134898227642,0.0124444360533771,0.0107238569817246
2002-01-31,0.00982958425552146,0.00990858965718711,0.0250214822043103,0.0327748626176057,0.0368112037236678
2002-02-28,-0.0158753524139828,0.0277415827792373,0.0139646903627745,0.0529501136742552,0.055256522326218
2002-03-31,0.013833118017326,0.0162699529905147,-0.0025751201914508,-0.00368889515291312,-0.031754981259208
2002-04-30,0.0234167658796466,0.0264758055021709,0.0110591280805564,0.0276409616989141,0.0494687077907291
2002-05-31,-0.00565966355739966,0.0109962844117441,0.000518319335100239,0.0240787135835991,0.0269856994402361
2002-06-30,0.0169118104200531,0.00348054293647987,-0.00674669499448125,0.034885668093274,0.0741034541985271
2002-07-31,-0.0124350971097832,-0.00890819654050792,-0.0116427654336381,0.0180782854312352,0.035931158311689
2002-08-31,-0.0112279587169985,0.00661832304234449,-0.000513677361009415,0.013664219984273,0.0156111803824543
2002-09-30,0.0104878093433618,-0.0341425014166624,-0.0193518161949099,0.0330838917380686,0.0896236576287984
2002-10-31,-0.0228361044195471,0.0145641967499212,0.0106505161947365,-0.0326694671926313,-0.0392151663819953
2002-11-30,0.0158982798160518,0.0456503541590589,0.039358664712406,-0.0484671068949832,-0.108281278152997
2002-12-31,0.0166620029171819,0.0104389761162499,-0.0104938049439215,0.0324432508194321,0.0892235786221048
2003-01-31,0.0125561418919044,0.00902569387132417,0.0130474324428574,-0.0106210569190335,0.0079732131527795
2003-02-28,-0.00224513305125545,-0.00674868379583077,-0.00626734329038514,-0.00353408772781983,0.0345859902123174
2003-03-31,0.00731686890473998,-0.00879591029158604,-0.0112556603701927,0.0145379074323344,0.0204530550714755
2003-04-30,0.0116615760509162,0.0398452145111988,0.0126255987900112,-0.0158712197000399,-0.0740612996905662
2003-05-31,0.0361323326593057,0.0264540916627976,0.0197777714513886,-0.0355470000482831,-0.0514164250730161
2003-06-30,0.0240336452640722,0.0156318003644711,0.00865994875502762,0.00215308793064927,-0.0195851720872325
2003-07-31,0.0255868195474863,0.00281221021260727,0.0126960373717677,-0.0177901570949273,-0.0288486721671536
2003-08-31,0.0119073611084935,0.00293442654248056,0.0158222250049225,-0.0124096496176387,-0.00420483695800053
2003-09-30,0.0232256376254978,0.00882719756255482,-0.000984985723886504,-0.000941844625925562,0.00399355252428242
2003-10-31,0.00550488158321548,-0.00370148697256974,0.01112198500845,-0.0168831473221233,0.0491543123412703
2003-11-30,0.00837044701327417,0.0111156111517211,0.00124149914935351,-0.00130361231575698,0.00187767777230947
2003-12-31,-0.0115522258071618,0.0341415926908177,0.00965200411257792,0.00322755561593629,-0.019471906088154
2004-01-31,0.0335315553096993,0.00596610964133561,0.021263020123476,-0.0191831849247409,0.0245855128375797
2004-02-29,-0.00223798649896336,0.016683505033688,-0.00605662942585254,0.00810371189352951,-0.00761017551619185
2004-03-31,0.0101466802713579,0.00758991232426849,-0.012942608518016,0.00502289355875265,0.00472406430723662
2004-04-30,-0.0020402106262778,0.0106440513072821,-0.000887194418024666,0.0200586737398348,-0.0333876301394155
2004-05-31,-0.017636671384118,0.00145200451600497,-0.00240808264115352,-0.00142970032400996,-0.00137498237054064
2004-06-30,0.00804975614816568,0.0110978853804269,0.00853011624000491,0.00421630572028648,0.0183471936398006
2004-07-31,-0.0149493548563515,0.0295440380701581,-0.00216956214334262,0.0194402508208304,-0.0129510349381989
2004-08-31,-0.0077431492771505,0.0120686093300729,0.000217215461888009,0.00765034620497384,-0.00177232828517278
2004-09-30,0.00798257895467414,-0.000680217134171404,-0.012913413188445,-0.00137929018326942,0.027261274214129
2004-10-31,-0.000854724566883137,-0.00298707445775788,-0.00311632709578351,-0.00548798155237749,-0.00554035742055561
2004-11-30,0.0172046154074682,0.0154689713275632,-0.00372577488289913,-0.00918123793901297,0.0150367609822651
2004-12-31,0.00428597454692672,0.00483487532006066,-0.00221263930556905,-0.000373229214293414,-0.0050760468047689
2005-01-31,0.0117162573411322,0.00835615411362571,-0.00207854120139619,0.00794383889463417,0.0228199624515643
2005-02-28,-0.00269244693522671,0.0126352018171508,-0.007219865975113,0.0109074442354268,0.0208260640189179
2005-03-31,-0.00713916649148757,0.00673874070250436,0.00864621325460286,0.00243898302954429,0.00542600985450813
2005-04-30,-0.0130186916788551,-4.5204950344703e-5,0.00183683330006943,0.00271308378438289,0.00781284271085452
2005-05-31,0.0010521239789038,0.00318160145777243,-0.00717489983126205,-0.00533758602148869,0.000461091087954612
2005-06-30,0.0138259103150308,0.00788115528278443,-0.00425773390798841,-0.000180426179413731,0.0206273034198235
2005-07-31,0.00760393844784991,-0.00169803129305369,-0.0116506842744034,0.000657874635857547,0.0104159093289644
2005-08-31,0.00032653210839745,-0.000347905213937079,-0.00340262590742241,-0.00455719595969151,0.0201351764447172
2005-09-30,-0.0108343813541034,-0.000383471915594562,-0.0110467208043539,-0.0032004269515982,0.0274806385420566
2005-10-31,0.00201121711336158,0.0043693574436577,0.00551026363733799,-0.00584440281476465,-0.0120416214907679
2005-11-30,-0.00428000008977311,-0.00741161822426467,-0.014383249225438,0.00197539027795695,0.0046886233578284
2005-12-31,0.00200480792164709,-0.00759215629269177,-0.00890945219889544,-0.00373262916600234,0.0133024378245857
2006-01-31,0.0238581093451587,-0.00813632352209713,-0.0154533126639021,-0.000663940316413131,0.0368509772608735
2006-02-28,0.00349322090418375,0.0232741210565136,0.0142499715861896,-0.0106122533688818,-0.0160678491094657
2006-03-31,0.00926067680174797,-0.00776167143940414,-0.00825779858642845,0.00437241996313252,0.0144510616974846
2006-04-30,-0.00298243238022557,0.00119927351386029,-0.00477767342930029,0.00816116880155974,0.0137478362810404
2006-05-31,-0.0108513536526339,0.0237560251819195,0.0167259147644203,0.0040872416736583,-0.0297643766834755
2006-06-30,-0.017066748151689,0.00519489955331492,0.00210053732285563,0.00530007091548995,0.000649827129222577
2006-07-31,-0.0208620388657149,0.0199965033240607,0.00384493099479328,0.00228982419692426,-0.00395317531236304
2006-08-31,0.00510073778016014,0.00232081657852684,0.00710951177547796,-0.00938341611785282,-0.0195485930199764
2006-09-30,-0.00461180792031209,0.00391371489541385,0.00923057093275433,0.00375807287895891,-0.00806183277023746
2006-10-31,0.00509105172135087,0.00355863334329934,-0.00366705653171615,0.00628161146933783,0.00411248839731165
2006-11-30,-0.00223216348022096,-0.00365719112553054,-0.00914713907761745,-0.000726480438447012,0.00542015775682457
2006-12-31,-0.00537999953670913,0.005107286462885,0.00278048843598494,0.00130711687838617,0.016089488438917
2007-01-31,0.00944565158644306,0.00111986778190633,0.00573938517593966,-0.000465939886183349,0.0027643879392301
2007-02-28,0.0111158937579381,0.00764530094442405,0.00575955934332285,-0.00293711507634469,0.00155279733461684
2007-03-31,-0.000901238370062433,0.00344089469247486,0.00215090192264177,0.00416792480695299,0.0147047661888391
2007-04-30,-0.0024026982553184,0.00305081203411647,-0.00038593862332587,0.00238471128724449,0.00681114376746129
2007-05-31,-0.00613045806773918,-0.00390885247948015,-0.00788523936888064,0.0151000584685729,0.00267346827386452
2007-06-30,0.00273041432415405,-0.00595322722067807,-0.0100277189255205,0.014317699474852,0.00264906303065261
2007-07-31,-0.00119266407149284,-0.0158600061081666,-0.0168235719165027,0.00517371637906658,0.0197769447706852
2007-08-31,-0.0240875024259252,-0.00376609656459137,0.0118945935930096,0.0162530622153643,-0.0022267034060182
2007-09-30,-0.0271968831570427,-0.0234194254499812,-0.0243569715458964,0.0119683108834827,0.0373977542136713
2007-10-31,-0.0160515541831629,-0.0323981792865392,-0.0193593119517948,0.00283563585760899,0.0379676921053721
2007-11-30,-0.020417868679223,-0.00103208236683025,0.0245118038896863,0.0102319563134345,-0.0013444969792097
2007-12-31,0.000616161408200901,-0.0127994267185739,0.000292846019300829,0.0035999938383146,0.024484966454485
2008-01-31,-0.0042725837635822,0.0379874952553666,0.0315599071525059,-0.00496126220426893,-0.0392655810483092
2008-02-29,0.00387713903129375,-0.0165302919208648,-0.0198484512474858,0.0155400684780484,0.0526824618468222
2008-03-31,-0.00233143608891106,0.00431883480123329,0.0211451267634054,0.00421116715077079,0.00521065728951047
2008-04-30,-0.0288410881329849,-0.00430090706043116,-0.0159409095959024,0.011029509302577,0.00542323681612224
2008-05-31,0.00461925868566527,-0.0202803349996948,-0.0121854550404424,0.0106640391787832,0.0216129670150796
2008-06-30,5.90918476213379e-5,-0.0429530472599012,-0.00142921621955282,0.0127667053517635,0.0781861594290035
2008-07-31,0.013746281709241,0.0283086736910674,0.0299161965657125,0.000154074422418974,-0.0320625578800963
2008-08-31,0.000685410731988775,0.0181213714102913,0.022933951430265,0.00856365816677562,-0.0324644967031185
2008-09-30,0.00459780022460673,0.0100842802238187,0.0517970949700258,-0.00241245978672816,0.00605891241043639
2008-10-31,-0.027230011615126,-0.035786731958176,0.040524552295784,0.0249450223031262,0.0516726758557132
2008-11-30,-0.0292102962767252,-0.0155608464206655,0.00819484517751775,0.00689382214285682,0.0376012012126635
2008-12-31,0.0175288979656183,0.0204496018269921,-0.00162543837935959,-0.0148998775230003,-0.0432006727306856
2009-01-31,0.017241197044214,-0.0210783652932734,-0.0112691664966063,-0.00207981993137857,0.0136987262282346
2009-02-28,0.00352686479246062,-0.0366834053055521,-0.0179131491819918,0.0250526939614645,0.0206377730974533
2009-03-31,0.00034484983943428,0.0501120527190216,-0.00290060126033886,0.000722526408933569,-0.0810550299258332
2009-04-30,0.0485218206795285,0.125955109098765,0.0153546253549441,-0.00521883303924208,-0.209957143339924
2009-05-31,0.032292638530034,0.0514588901961984,-0.0175896799597447,-0.0201209776805835,-0.104920480505818
2009-06-30,0.021937655905827,0.000219295488225408,0.00240918221616526,0.00514590919142531,0.0226474576860822
2009-07-31,-0.0132557458290783,0.0271870236045672,0.0122732669762792,0.0028404436192463,-0.0369845582848344
2009-08-31,0.0239612402675196,0.0428432934612104,0.0210920137551779,-0.0219657730739905,-0.0498814714866282
2009-09-30,0.0126774089205493,0.00186809715898714,-0.00168710508123255,-0.00146936957998519,-0.0172640198484973
2009-10-31,0.000200184378307512,-0.00970052123968513,-0.00637938089044001,0.0216847813170582,0.0136724491869007
2009-11-30,-0.0164554083951761,-0.0154289981977226,-0.0104556972576672,0.00839884440507048,0.0156686150386849
2009-12-31,0.0085927909505804,0.00280110658167914,0.0124978946941527,-0.000655731708637515,0.0147025967733618
2010-01-31,0.0268081122172584,0.0180410737211053,0.00921420488783858,0.000822574413910704,-0.0276784269047618
2010-02-28,-0.000450523331025006,-0.00661497558689549,0.001130212386937,0.00308063617404217,0.0123557418894007
2010-03-31,0.00480718224968805,0.011600698773235,0.00940881553508863,-0.00517925366975602,0.0362866485768811
2010-04-30,0.0295287539962077,0.00421848037742865,0.0145411746463237,-0.00584989395234243,0.0125559390913804
2010-05-31,-0.00954382655240643,-0.0131152227169525,-0.0128618252350899,0.021230450755856,-0.0104959644694974
2010-06-30,-0.00717901450971863,-0.00963282440874385,-0.0177455858528872,0.0148175079090768,-0.0139388410190962
2010-07-31,-0.0123484349042483,0.018682732964973,0.0129431516525991,-0.00508768791551374,0.00729684493290046
2010-08-31,-0.00338379720525698,-0.0212050603385998,-0.00548075244032094,0.0070015799672911,0.0237076606505046
2010-09-30,0.0064414810432969,-0.00430544523279743,-0.00320840307309722,-0.00586564090724518,0.0159245958854622
2010-10-31,0.0024845809349471,0.00114834947785743,-0.0033799631992199,0.00549979198511407,0.00706778346700093
2010-11-30,0.0181497897168537,-0.0233019319562904,-0.0132865468316019,0.00562162350676155,0.0327860332094164
2010-12-31,0.0125045888134746,0.0212368651162744,0.00333888806334939,-0.015723531353202,-0.00918392923865594
2011-01-31,-0.00650072488332943,0.0232720568029033,0.00895079085051073,-0.00795256138594778,-0.0190735984470108
2011-02-28,0.00028985039616809,-0.00204841639660976,-0.00165607577146411,-0.00265821856183233,0.00823728459769684
2011-03-31,0.00369324671401211,-0.00926368195504001,-0.00375937039557455,0.0114010942637874,0.0167463953445212
2011-04-30,-0.00814809140550536,-0.0102037641313136,-0.00208632375198824,0.0128115290068091,0.01244234284984
2011-05-31,-0.00747856317186018,-0.00931099666427963,0.00354246406447388,0.0143288415591083,0.00427812734394732
2011-06-30,-0.00812764210973309,-0.00925422997867978,-0.00215290669849859,0.0161059001311959,0.0171381504123757
2011-07-31,0.00795401098409565,-0.0186794811666371,-0.0102141901214301,0.00427653104362438,0.0160850228940166
2011-08-31,-0.0149118687670684,-0.0202324114198125,-0.00326642756376363,0.0138205892408741,-0.000691930608332812
2011-09-30,-0.0145610567927278,-0.00932454250586026,0.0230234650405948,0.00976809812963264,-0.0259297770402824
2011-10-31,-0.00450949597198572,0.0160308406060068,-0.0112589597255775,0.000161041062760926,-0.0134571998899655
2011-11-30,-0.00700896913530316,-0.0187549074558047,0.00562537606727959,0.0122090065107209,0.0381232194842146
2011-12-31,-0.000609107870796018,0.00744546540482595,0.0161117357795122,0.00620922610714467,0.0195278246762424
2012-01-31,0.0142541031326841,0.0259121560657103,-0.0165868020835699,-0.00509993439016921,-0.0695390302196158
2012-02-29,0.0021234606459993,0.00584261363634321,-0.00401722805924545,-0.000567089666428434,-0.0255983192442768
2012-03-31,0.00260283733961382,-0.0165842282254117,0.00430076018641948,0.00876237664304053,0.0323669825002008
2012-04-30,-0.00400027209011524,-0.0187414078818496,0.00287623344103986,0.0126679666243655,0.0411091659040867
2012-05-31,0.00046026721755449,-0.0182702888227965,0.00937938760979351,0.00640133133288669,0.0503012966212952
2012-06-30,-0.0087086922815995,0.0112152176830114,0.0096223735308016,-0.00949678459166032,0.00082827237351801
2012-07-31,-0.0169117447310524,-0.00577953121071675,0.00244819219152904,0.00773776968245797,0.026066111703275
2012-08-31,0.00691853461808365,-0.000424472038644401,-0.00143771165811535,-0.00516463409143499,-0.0079538092383523
2012-09-30,0.00725139766243562,0.0133893209776416,-0.00121711967943968,-0.00950121898251222,-0.0138516924279386
2012-10-31,-0.00915921577068227,0.0126878754071937,0.00890294584934047,-0.00430828573066582,0.00911207200396509
2012-11-30,-0.0131754020571762,-0.00352129818091625,-0.000923753777095618,0.0142440917028462,0.0157561430454823
2012-12-31,0.0100888892528204,0.0276722106787073,0.0106963133166111,-0.00758605904850028,-0.0134616620579052
2013-01-31,0.00611911502098926,0.0126417214738843,0.00433571064440096,-0.00416323255592408,0.00404819785647167
2013-02-28,0.00259645918560345,-0.0144749498432026,-0.00325495326655013,0.00792766963252395,0.0301085092601576
2013-03-31,0.004254699219786,-0.0172998326922977,-0.00249194167956334,0.00756792858362392,0.0310757972114096
2013-04-30,-0.0171444996524465,-0.00235359932481918,0.00469889799451001,0.00114637762475402,0.0263526436504975
2013-05-31,0.0210861636592627,-0.00339178231441923,0.00326503242701551,0.00604011861886345,-0.00148314087142998
2013-06-30,0.00396140957743838,-0.0146452271240363,-0.000429590220568645,0.00935163023203454,0.0108089278453634
2013-07-31,0.00668497340149249,-0.00236514928681445,-0.00180080658136954,0.00251778128202515,0.0162017533678091
2013-08-31,0.00686857916244297,0.00710519992832619,-0.00541961974273113,-0.00441520885367792,-0.0180049839547716
2013-09-30,0.00950359636255983,-0.00925645246884252,-0.000280446402323293,-0.000366437561683369,0.0243408183971674
2013-10-31,-0.0100690496415837,0.0150020440134703,0.00957637866056963,0.00566998048048228,0.00260657665152389
2013-11-30,0.0143137909667401,-0.00702656405798021,0.000263414816644858,0.00488921873762437,0.0193929617123432
2013-12-31,0.00353826126245327,-0.00545525534614434,-0.00137912297455353,-0.00182158938830566,0.0120119783608341
2014-01-31,0.0249329902153778,-0.00426624170255478,-0.00301580791746019,-0.0211058309104804,0.0162700525028195
2014-02-28,-0.00173514355430679,-0.00542924823475327,-0.0028203344785484,0.001623881645542,0.0136978766814651
2014-03-31,0.00230405043663916,0.0313544168381006,0.0119358898711911,0.00810390545178972,-0.0259396547022885
2014-04-30,-0.0191035132153123,0.0239693002802102,0.0136626663226186,0.010684436623036,-0.0302987757059888
2014-05-31,-0.0107249152765817,-0.00537426120765314,-0.00313599891521725,0.00627997005916327,0.00338642931321177
2014-06-30,0.0174637856722415,0.000347490277047001,-0.00564877849339221,-0.0151698612889733,0.00548004568853804
2014-07-31,-0.0183091654136474,0.00845122702436322,0.00645799260804873,0.0107363905905826,-0.00543666541059262
2014-08-31,0.00400819416349095,-0.00942546169867325,-0.00738991672615516,-0.00305890366361959,0.00841940766363599
2014-09-30,-0.00704427440824828,-0.0155880644701095,-0.00161709009380625,0.00586854689184008,0.0117748325713517
2014-10-31,-0.00474936720791498,-0.012540203827961,-0.00893609994878229,0.0112594097441166,0.00531562077319554
2014-11-30,-0.0211771637761018,-0.0184116601618695,0.00454696546155243,0.0137898430372203,0.0104974101148738
2014-12-31,-9.70535085441118e-5,0.0086029201690513,-4.77188390604016e-5,0.00557790842588109,0.00261891020745734
2015-01-31,-0.0115986506378534,-0.0255150249189108,-0.0092738129519023,-0.00170592052459596,0.0357564743797581
2015-02-28,0.00403391884684034,2.26743027834729e-5,-0.00731409009462776,-0.00116833613360872,-0.0219256298628328
2015-03-31,0.014239772046796,-0.018779390226951,-0.014853073991172,0.000962175135777472,0.019601401982375
2015-04-30,0.00970460144730273,0.0365945798610534,0.00193571547417626,-0.00555375286496419,-0.037766407593432
2015-05-31,0.0366103053523688,-0.0362479701621427,-0.0107825029584688,-0.0106426007465243,0.0311499420462441
2015-06-30,0.0203773591617413,0.0107515682529242,0.00253398121841291,0.00104538576195461,0.014497095622487
2015-07-31,-0.0284662986471524,-0.0332315065114701,-0.00209175745381088,0.020554807917718,0.0403839814504158
2015-08-31,0.0076001892680832,0.0116857736884131,0.0130839535510671,0.00181808269675874,-0.00248449424007741
2015-09-30,-0.00143706595625579,-0.0130933994425765,0.00103155632008277,0.0121805360347774,0.0271291080146679
2015-10-31,-0.00570675946087686,0.00318876195972424,0.00635546561977786,-0.00333208366555118,-0.0295458476458609
2015-11-30,0.0310819159490172,-0.0208249988298287,-0.0153104654262904,-0.000893510977092135,0.0124343378043587
2015-12-31,0.010143835549103,-0.0123904152228079,-0.00751318239486186,0.00522830273645931,0.0232824232959829
2016-01-31,-0.0245799509917461,0.000803270939551346,0.0221136505007416,0.0220148583949636,0.00117223425322531
2016-02-29,0.00129494263896726,0.0097870270421887,0.0194578088956765,0.00695760541578057,-0.0267868296265315
2016-03-31,0.0162832184655605,0.0234029012801044,0.010117528907194,-0.0126765488758874,-0.0261860862860201
2016-04-30,0.0255937931096842,0.0326669352468451,0.0162275182373056,-0.027097474747,-0.0261824290754098
2016-05-31,-0.00153456609943626,-0.0202121609314158,-0.0222952276128506,0.00877082172017459,0.028134205708301
2016-06-30,0.00343042268734462,-0.0194208818452371,0.00909599679061449,-0.00368083379918519,0.0473722279163165
2016-07-31,0.00420038101351762,0.0148659087223318,-0.00197404297233061,0.00407153514412064,-0.0244439168869529
2016-08-31,0.0116368317578684,0.0229194974046126,0.00313472057800374,-0.00227773716311912,-0.0283843792593796
2016-09-30,0.0203232865220015,0.000380172469435228,0.00471506447249281,-0.0120120430780913,0.0092649099664744
2016-10-31,-0.00995091748067861,0.0287265974342892,0.0159513751538251,-0.00166754562212945,-0.00832018868459629
2016-11-30,0.0255164741575999,0.0363559113683978,0.0217349823509281,-0.0109685428497609,-0.0322488999819167
2016-12-31,0.0118430130147319,0.0245497295707932,0.00469215427559712,0.00180950546529823,-0.0106594181840816
2017-01-31,-0.00724223828386688,0.00594813622298431,0.00441981215925436,-0.00417285513195363,0.0105275246691431
2017-02-28,-0.00133856532024864,-0.00503612356136393,-0.00941488319196798,0.0101088950313149,-0.0097478218400917
2017-03-31,-0.00319734019184637,-0.0123213279616701,-0.00233122907656011,0.0135262994068921,0.00635244535192573
2017-04-30,-0.00653920096365258,-0.00832820873987766,-0.00808885037247458,0.0141187418072021,0.00188385561887436
2017-05-31,-0.0210070635218466,-0.0213986979578516,-0.0179731364163128,0.0212427977565061,0.00552655782361866
2017-06-30,0.0138852102342205,0.011288811199966,-0.00502439001595001,-0.00107772218155599,0.00566593798327815
2017-07-31,-0.0112191714296061,0.0176148969802812,0.00303824672296293,-0.00814738770417836,0.0201502736939715
2017-08-31,-0.00407988116271086,-0.0180893503867682,-0.00975745614589096,0.00837870851277649,0.0147682658895543
2017-09-30,0.0205950776799082,0.0030628310508054,-0.000453656578942993,-0.00308697084658198,0.000291416173901351
2017-10-31,-0.0139194982206423,-0.0148649267593689,-0.0115180226313539,0.007915846888619,0.0275463831138144
2017-11-30,-0.00545538142184911,-0.00294627287814417,-0.00152968636008938,0.0119864605044858,0.00548204757864871
2017-12-31,-0.00211441395109316,0.00474574543715974,0.00480928853172098,0.00780239172617521,-0.00899728610891604
2018-01-31,-0.0161793063655325,-0.00674766171429329,-0.00625914436135941,0.013974251249611,0.0264166767562096
2018-02-28,0.0037639182455194,-0.0192731702136549,-0.0125180406416992,0.00492000462799588,0.0172705209185342
2018-03-31,0.012785316446723,-0.00768038924216404,-0.00527080906549452,-0.00409329552525425,-0.00695113910319895
2018-04-30,-0.000220836651390807,0.0181141713368258,0.0125989223973932,-0.00873406706680975,-0.00849621621043326
2018-05-31,0.0170183838914331,-0.0338152279829643,-0.0144007304989359,0.00937100114527255,0.0314236260029959
2018-06-30,-0.00495621994859229,-0.00900213608579827,0.000287963901669455,0.0049798897905395,-0.00898106537180039
2018-07-31,-0.0191487595128585,0.0152457305193904,0.00860497017772473,0.00838349559292377,-0.011636108395541
2018-08-31,0.00718476623571157,-0.0276325613897636,-0.0195526993102503,-0.0011378658421181,0.0281502305579258
2018-09-30,-0.019372837502028,0.0046286003549807,0.0162325244595791,0.000461726106521839,0.00211708201925778
2018-10-31,-0.0153331326010592,0.0267861814825559,0.0265677538835371,0.00262105120827571,-0.0190316291800158
2018-11-30,-0.00696559620534266,-0.00926031722670244,-0.00334948465799758,0.0107120936786584,-0.0203627286706364
2018-12-31,-0.0167718815824026,-0.00868307152053886,0.00830726487255442,0.00247490734376537,0.0178611263148733
2019-01-31,-0.00140768013902656,0.0130534840308521,-0.0138907555796161,-0.00175645424773519,-0.02666437102064
2019-02-28,0.0096902143640695,-0.0173644466316237,-0.00769797759714294,-0.00357906319468074,-0.00910030639073639
2019-03-31,-0.0143972144004766,-0.0216003074331877,-0.00698013259803291,0.00263978406096665,0.0272188800031907
2019-04-30,-0.00952275682288365,0.00818378268280241,-0.000160562377011608,0.0120552481181907,-0.0207349232660695
2019-05-31,-0.00292878091262259,-0.0265379484689502,-0.00868591328283129,-0.0145874242543022,0.0647585331545313
2019-06-30,-0.0168685231624489,-0.00041146998626594,-0.000506637082525005,0.0167791201587803,-0.0108067498692251
2019-07-31,-0.0126182871193912,-0.0173014625782525,-0.00814582500119029,0.00780724113232462,0.010833420026894
2019-08-31,-0.0213645791131708,-0.039346480838762,-0.00809661199359766,0.00598717996322566,0.0542062774070092
2019-09-30,0.00279685094042456,0.0426997213809403,0.0203424038992445,0.0113641250217892,-0.0387126665887568
2019-10-31,-0.0049007464427584,-0.00993641552823305,-0.00841711620065137,0.0087847303572316,-0.00374356217984538
2019-11-30,0.00431582143532155,-0.00915910885792086,-0.0178211052624362,-0.00350115838155758,-0.0123928839215092
2019-12-31,0.020569826835448,0.0131333415280018,0.00136884375093038,-0.00115588881513267,-0.00899922651809343
2020-01-31,-0.0129170812997455,-0.0493075055556551,-0.0231281307198472,-0.0117142843108424,0.0454244808966459
2020-02-29,-0.00437961424072454,-0.0289876591886925,-0.0172750816559013,-0.00702234765032342,0.0166221388889736
2020-03-31,-0.0394028103120215,-0.100209454245632,-0.0122931122932678,0.0220542591800806,0.0545183764500082
2020-04-30,0.0267666483616802,-0.0010605354941697,-0.0208720790404162,-0.00155796945388658,-0.00627772050469313
2020-05-31,0.00191479903016602,-0.052954855166407,-0.0366779058756045,-0.00911873097787722,0.0213965743739367
2020-06-30,0.019292509466774,-0.0100753772267174,-0.0142026849275064,-0.0131211567438724,0.00825324967652403
2020-07-31,-0.014374797963639,-0.0408870200381441,-0.0142893336488548,-0.00335322092456311,0.0547970460045313
2020-08-31,0.022197333144535,0.00916854784517042,-0.00723256582941664,0.00557243044435694,-0.025484077994691
2020-09-30,-0.000978896275653805,-0.0278655450750856,-0.0152659181074001,0.00391343172034074,0.0284993664936506
2020-10-31,0.00751045047701603,0.0154210382055262,-0.00229374450759825,0.00338311475284165,-0.0112330875396771
2020-11-30,0.0303872635243318,0.0688729228982045,0.0311307919393505,-0.0401549479253913,-0.0949627920841148
2020-12-31,0.0199109725411733,-0.0143285801874935,-0.0091452277288596,-0.013011201310453,0.00940914809722682
2021-01-31,0.0382252414725833,-0.00518047218105916,-0.00929479649017539,-0.00894906755953608,0.0224012958741318
2021-02-28,0.0373548931203351,0.0721844985151442,0.0370961755561306,-0.0245954792349363,-0.0526626247029251
2021-03-31,-0.00790521771593944,0.0626768871594717,0.0342812627155542,0.0473431418221911,-0.0474803448102616
2021-04-30,-0.0141644376830719,-0.0112978796157532,-0.00795355700149961,0.00622835152146423,0.018650294475916
2021-05-31,0.00108402229453448,0.0294984230279675,0.028700478539352,0.0127748029174267,0.00187493552963693
2021-06-30,0.00784826992543679,-0.0496442371790986,-0.0200088303834768,-0.0194483399952346,0.0126584595850661
2021-07-31,-0.0186485907662635,-0.0110178961992001,-0.00434236388456914,0.0299857307221616,-0.00635133667930373
2021-08-31,-0.00132365057139491,0.00506098271251264,-0.00796285372947554,-0.00216591207464264,0.0156107617490055
2021-09-30,0.00940854727762839,0.0401754687151339,0.0177414472140358,-0.0130509898919799,0.00585279424585024
2021-10-31,-0.0206618597892287,-0.00990949905763951,-0.0142337593653411,0.00328656034981557,0.023494924253106
2021-11-30,0.00021578874180366,-0.0142294542519517,0.00845478416324011,0.0391335967849243,0.00611723218865413
2021-12-31,-0.0176445208941377,0.0413576670915916,0.0429537874182224,0.0382188267428972,-0.00908386857984187
2022-01-31,-0.0118821473793795,0.110992243806204,0.0672465300786046,0.0110775783788034,-0.0227005724441025
2022-02-28,0.00349825078885723,0.0169665186243202,0.0119301952248457,0.00132344049698018,0.0186609336585202
2022-03-31,0.00488318931571169,0.0112989006976311,0.013197814791365,-0.00230576484639635,0.0271898287162121
2022-04-30,-0.0176714324382306,0.0304559578912318,0.0409159337362554,0.0371810069768272,0.0277575267462356
2022-05-31,-0.0120088927928985,0.0353015660145408,0.0120899058284927,0.0310585501198132,0.0209338235767959
2022-06-30,0.00389295978692103,-0.0211010888594812,0.00705336313645264,-0.00740060979485841,0.00335752934188449
2022-07-31,0.00101015254301289,-0.0226123372926173,-0.0318706073654377,0.00131435113778497,-0.0121202752553232
2022-08-31,0.018256617256673,0.0114091364794992,0.00420759248683396,-0.0209983364251509,0.0243862424556735
2022-09-30,-0.00311044160422734,-0.00364005909638852,0.0119288325788445,0.00100383683492238,0.0301666091673132
2022-10-31,-0.00958802824058319,0.0188377089393459,0.017098887072066,0.0201063179702945,0.0209688543959165
2022-11-30,-0.0352019983693431,0.0167602894090932,0.0213339340505588,0.0348345128959781,-0.0214391764520085
2022-12-31,0.00557787410854612,0.00881662985464787,0.0255855550566326,-0.00182032577396625,0.0105122392281146
