date,rx,hml_fx,rx_net,hml_fx_net,dollar,carry
1983-11-30,-1.6437119004312422,-0.30125920999636013,-1.0478475858770655,-4.339877786795136,1.5391427521029686,1.1091656441867852
1983-12-31,-0.8554345463197909,0.9247293185535008,-0.5159484458726167,-2.6221607431783354,0.7867874003888677,0.048535747675435004
1984-01-31,-3.002851096995855,2.409070504107108,-1.8085636151102689,-5.453766300739929,2.9358589464336537,-1.3473619439159727
1984-02-29,4.657608328236603,1.41805590361746,2.664338403853013,12.95994097136709,-4.761084942947312,-0.5040861541519572
1984-03-31,-0.10218502993351332,-0.8148126654392365,-0.18668901967680587,-0.8697466158729641,0.11936022766251483,2.082354285773315
1984-04-30,-3.4527861038351877,1.1919745321771036,-1.8609294285910276,-9.113972740001742,3.3008273430850243,-0.35053725177027206
1984-05-31,-0.8662248008460639,0.09184464595324987,-0.5710821106858108,-2.2196905956632635,0.7961619690536647,0.8764364167166236
1984-06-30,-2.227217252474063,-0.1969518625990374,-1.361030551784874,-6.184371563030069,2.132120342756509,1.0824685174811193
1984-07-31,-5.073431306948761,-5.863365663723988,-3.3551606435543064,-17.000700611671324,4.907047780570025,6.745973804401598
1984-08-31,0.9529750282054689,2.595916621504568,0.5386535284692198,3.883884928109743,-0.983356511430814,-1.2641525388784047
1984-09-30,-4.930001457750257,0.5986809250459829,-3.1526709436409956,-10.882704667848678,4.8042174729633205,0.5242942601438927
1984-10-31,-0.9677657690860473,-6.543972176511492,-1.281348005083489,-5.494538163511203,0.8888015718801023,7.661644584195404
1984-11-30,-1.1293486556641046,3.725362906475116,-0.4406050339313264,-1.5721291902747014,1.1580622289170903,-2.4905093957066358
1984-12-31,-1.9610581725731528,-0.44601805981433484,-1.0975430532100203,-6.938944260065984,1.949382654687511,1.5575072021554406
1985-01-31,-0.8264253409261093,1.0198266353524241,-0.6821728865347706,-1.3385658598218868,0.937025503544584,-0.11474504208030342
1985-02-28,-4.6780351984567,2.6309550989021213,-2.8767559464951633,-10.034325849080894,4.7924611167006,-1.6940636798679596
1985-03-31,5.641068443306249,1.0382761871485262,3.0055989974625774,14.265810844490199,-5.691519355798558,1.043197990791085
1985-04-30,-0.6605839444465984,-0.09332415528273408,-0.8037039938915272,-1.6307635655992274,1.0377694311534178,1.358665364216758
1985-05-31,1.1297219755361172,0.6216088574120685,0.7016383247465102,1.55769379348909,-0.9062377076818192,0.6826186799804919
1985-06-30,1.5692127523854615,3.7222366598476624,1.1556912142148628,4.5944919697710525,-1.2181975877398346,-2.293449713087947
1985-07-31,5.605400722449042,1.9182410731903001,3.3859470092648993,14.111054578987945,-5.382180334029754,-0.7977619159287991
1985-08-31,-0.4413762462067722,1.6004512781209586,-0.37342160107609323,-0.05973741050864425,0.6216598931766046,-0.31266781026271045
1985-09-30,3.5539757685717883,-2.213780268359096,1.7261622689201377,7.376662687626928,-3.331156803043299,3.7519377631735717
1985-10-31,1.917432673793244,2.72323545407121,1.3280131181665484,4.416645734406881,-1.7141561279499185,-1.2726992494368392
1985-11-30,2.1721588766139144,-2.042324742355676,1.1903052973588344,1.5062592052501749,-1.8777849559157975,3.413867891420967
1985-12-31,0.2930062277474985,-4.466115572125932,-0.355709468339698,-1.801288083197015,-0.18094421951562434,5.7371499896908285
1986-01-31,2.2140883821066337,3.854702820135451,1.4173127260990648,7.122991012401155,-1.9939596005755278,-2.644619997064299
1986-02-28,4.523425936899207,-2.117426357867392,2.1035277356527096,11.042863999761865,-4.279413792704663,3.216102512655216
1986-03-31,-1.7115267356299615,4.932217061448996,-0.5809390812055387,-3.4234443427094545,1.9894462000243789,-3.661049288049436
1986-04-30,4.814291406342542,0.39425023628403555,2.3081057638283182,13.959177929674743,-4.527509137180217,0.7774646528702813
1986-05-31,-5.203870636407365,4.064428405760951,-3.3944463805905776,-8.180975102734179,5.535584986639875,-2.578728823331091
1986-06-30,2.7561244069887763,-6.920593980232195,0.5463918772947731,5.274225205192905,-2.582327837114642,7.792132747283887
1986-07-31,1.1675265635639929,-10.466468354496422,-0.9092570922350196,0.87710681334517,-0.9971964693957684,11.385661349507306
1986-08-31,1.1280783975525244,-1.5214480442896825,0.519091025851272,0.9209777848948868,-0.8947108046667944,2.428374920858804
1986-09-30,1.040195391978157,2.1549288613182545,0.9762157085712835,1.3007426318675481,-0.7284599071563931,-0.9717010620470349
1986-10-31,-1.1193105830998638,5.250516533207351,-0.4550828535296976,0.14734759943263107,1.358750397373034,-4.228765368422856
1986-11-30,2.841896658865171,1.047018141736529,2.2807959969786684,3.31370244119738,-2.6283568417487686,-0.13292901319010564
1986-12-31,1.9127564768522318,2.070899135815411,1.3152967134164815,4.24501355088402,-1.6983325675793624,-1.034416468797307
1987-01-31,3.694169237650672,0.6905073376306206,2.6411799101500293,4.50326171813039,-3.503624566107174,0.3996382110907651
1987-02-28,0.9373826678530579,2.742366537689235,0.47756578152920076,2.481570431750209,-0.7267200509680323,-1.7095831902917205
1987-03-31,2.018758225299716,1.9184008091507678,1.2851161529733603,4.795180223535987,-1.7081521651130287,-0.7087835952330577
1987-04-30,1.0244042266910456,0.45272382198151273,0.3312481035986562,3.2373780378331105,-0.8529430194399718,0.8383211363834076
1987-05-31,-0.9640229441765963,2.9119834379301492,-0.4604951038098018,-1.3262506316574858,1.1100180133881727,-1.6236373193750127
1987-06-30,-0.10571880263667802,3.334008286156291,0.11915579702017332,0.7599257229706197,0.16658923612852078,-2.2679902090331163
1987-07-31,-1.267708144609886,0.8018334853083662,-0.7130721876322674,-3.479114191665954,1.3474125156640397,0.35679486014178335
1987-08-31,2.2439192423059167,1.2857114515048425,1.1133474881500758,6.5898977634782305,-2.1276349872957447,-0.32973975666752003
1987-09-30,-0.5135746076967125,4.06654959781444,0.0932145806418557,-0.7321056261474695,0.6272015425828521,-3.0844932655621977
1987-10-31,3.077052257461381,-5.935640878382699,1.345550966250226,2.9243074528963935,-3.0534502699526835,6.774707302669837
1987-11-30,4.304269173840745,0.6927800280192062,2.3157857666629367,11.324786607206267,-4.297125218298924,0.678497326348429
1987-12-31,3.042629855845176,-0.4385227591322822,1.8344191547839137,5.164516722562634,-3.132268563579089,1.637518458841896
1988-01-31,-4.149579133974726,1.7909691303050195,-3.0518576893623557,-6.329673313243017,4.144491607564501,-0.7859297361765889
1988-02-29,-0.4675950998722661,2.3923444740173325,-0.23531419720424826,-0.10197054608272332,0.504810387556955,-1.4695406038512075
1988-03-31,1.7625691241204395,1.3719441678094815,1.3712364725974855,2.710719752477103,-1.700450490347347,-0.4224862635993601
1988-04-30,-0.398327572054986,2.902750601849724,-0.13287364297405324,0.4358352882719421,0.43497192436509036,-2.070199189402616
1988-05-31,-1.4663036818369566,3.5368478255881235,-0.8518964791580782,-0.9821421417922132,1.5053178728821295,-2.698861907712371
1988-06-30,-4.378228013720301,3.0861683462969323,-2.389168497686047,-9.641824798650806,4.242675523062089,-1.702899620560782
1988-07-31,-1.4256280217688349,2.1429094421091928,-0.9584680417248593,-1.4189100369709975,1.441102234440357,-1.3422607898276027
1988-08-31,-1.4506479835881532,-0.25797318008912856,-0.9751782408432611,-3.92211568788303,1.3612369918065312,1.1938269007040667
1988-09-30,0.2271706527123843,-0.13595058568728682,0.20235646084339146,-0.9248783992109121,-0.2132014002304698,0.9080128356646421
1988-10-31,3.7489134674105467,0.18899462214589519,2.2224619250006694,8.409059742838942,-3.7386343852665274,0.5525889493346953
1988-11-30,2.9772172206768364,2.720159831753214,2.33403604114588,5.933274053467552,-3.0026990564434466,-1.9706344842859083
1988-12-31,-1.8669974717929583,0.24005663516600897,-1.0784502349606468,-5.477790085379114,1.8387306953165028,0.6606243168466073
1989-01-31,-2.989613355451735,3.759783283992996,-1.6382834995478675,-5.4519392885551285,2.972012041377618,-2.962507900341056
1989-02-28,0.7818254554815557,-4.825563520879783,-0.15862879318348702,-0.00036773816799069714,-0.7971071308132125,5.506077574580373
1989-03-31,-2.5764594031073953,2.201872190252164,-1.8146091424193582,-3.111141751886267,2.7505305576745314,-1.2272142337244787
1989-04-30,0.42752281827472044,-0.08641091931934491,0.4046776857849267,-0.7287569778578153,-0.47974925368012256,0.8103960476494615
1989-05-31,-4.335483281735428,-2.2469962198502405,-3.241347829581847,-9.650592636172117,4.3302264945942,3.0303887202438595
1989-06-30,0.4921031393369303,0.3317414758474205,0.4425328399600356,-0.32413261469124016,-0.44308607566486474,0.4352709124975901
1989-07-31,3.703750843628928,2.4513020001357217,2.710669490181945,7.525014148117612,-3.634112043963447,-1.6294927658666678
1989-08-31,-3.059660350027145,0.47643389456935303,-2.1084203538068778,-6.066811850114948,3.190844172899333,0.3541356875203974
1989-09-30,2.7019181213525267,-0.1037538222415979,1.5606900349520316,5.917146935064767,-2.6026943412712056,0.852136404226661
1989-10-31,0.7275891643548739,1.7154925804161745,0.6567237351140883,1.365411317612341,-0.6134461634503316,-0.9652398343518782
1989-11-30,1.6920054084769351,1.0501392919102965,1.5098301171115316,1.3942873573600265,-1.5137431918742676,-0.23603235203772666
1989-12-31,3.1667505772428135,1.6967665311353533,2.67442761671455,3.695201586449179,-2.98382708732549,-0.887835598999067
1990-01-31,0.8525439138135615,0.859847423043305,0.6210442795510862,1.164971692269206,-0.6129013851078352,-0.0075024679642266
1990-02-28,-0.14836122290290116,1.618668291441852,0.0639119959520738,-0.4126557479086232,0.31442841152040757,-0.699742519500314
1990-03-31,-0.25322661561120463,1.0653830141451437,0.3508841162042103,-3.2786616310134282,0.48019996216354865,-0.2050307171416202
1990-04-30,0.8899103565198438,0.102193057320904,0.7068503192838523,0.44770585624879927,-0.6782423567122723,0.5893194918700162
1990-05-31,0.35538351399877854,2.046946119404977,0.2841073296397436,1.6561371627145036,-0.11527528888567128,-1.3652361101102155
1990-06-30,1.658625500628132,2.771403919602381,1.4060178755414725,3.4587727452750197,-1.4504067594369994,-2.136938737009374
1990-07-31,3.4043078743385613,1.7997585951553354,2.556946863714289,6.122764144878499,-3.215283667228737,-1.1850220290599893
1990-08-31,1.261830595966925,0.803050666535935,0.7667718009953642,2.934143894069521,-1.0346022048617696,-0.14780911126163476
1990-09-30,0.3174712454884054,1.1169053642910258,0.3239964528718935,0.253820152233903,-0.3764348533588032,0.33128517027777515
1990-10-31,2.023114240974192,-2.4434524835666918,1.0340259410711379,2.594264736303393,-1.8456112395374025,3.026237934815806
1990-11-30,0.41442339554965174,1.5942798449728068,0.5513927855616263,-0.13005650887451675,-0.205314241305326,-0.9319208370510133
1990-12-31,-0.39666516965093596,-0.7613539787985388,-0.485662807695892,-1.6792842425069787,0.526193822921438,1.4478486757270912
1991-01-31,1.4606138451316246,2.2969760680001534,1.223491985218115,2.2679914262137277,-1.2150664871073809,-1.6332839462938176
1991-02-28,-1.6023914524817222,-1.5064596930452645,-1.735584620280695,-1.5819976088022853,1.842292116726847,2.1121725517818963
1991-03-31,-6.777394264773482,1.4418590625460075,-4.9069674448583935,-10.676135541118983,6.973788684808298,-0.5908222619547807
1991-04-30,0.2932779859986365,-0.46911870224827235,0.005913247444089579,0.34986417634331746,-0.0029535551474529475,1.1118471073854053
1991-05-31,-0.6459773089832737,-0.8566501083669964,-0.8075033464558851,-0.6786746763096124,0.944140463410936,1.4863873157706153
1991-06-30,-2.470613767525532,-3.604218273749267,-2.5243935590449866,-4.019741575553061,2.758705376104251,4.123903406694105
1991-07-31,2.295282384765458,2.5045359989680605,1.8611850686260059,4.394664519822888,-2.034434165732396,-1.92631990508359
1991-08-31,0.39382671693698934,0.5881104212505595,0.31183471660966666,0.36365164785029935,-0.12580186427504056,0.043501191162961805
1991-09-30,3.375430233926341,2.5157681123208904,2.6638618190607075,6.078265317792042,-3.097245580052725,-1.868248535383246
1991-10-31,-0.07048084316754905,0.22045507356258376,-0.15535371074798687,-0.022281874143301184,0.3963195074840346,0.44089547623463177
1991-11-30,1.573250246515124,2.120378627291,1.4052481498357408,2.357812277735599,-1.2771860874613106,-1.4944396869445153
1991-12-31,4.013269100303107,5.698272369431755,3.679660649858745,6.677633023125367,-3.706098392892112,-4.982324262402306
1992-01-31,-2.546651669588853,-2.9672834071222414,-2.66230792505484,-3.455193977316527,2.94334105376874,3.81809690157794
1992-02-29,-0.8957983920038467,-0.6346222081921454,-0.8632431818638974,-1.7704362373568845,1.260002405479624,1.3447596050277553
1992-03-31,-0.20892734930346243,0.18421853939640243,-0.22681974623488377,-0.4514161153730434,0.5787771792378872,0.5771959751980846
1992-04-30,0.333924198324312,0.8213639421205843,0.21953036079691435,0.7709891091758903,0.04302260273411869,-0.0794845563647506
1992-05-31,2.4534725568522835,2.7671813877777605,2.0868100926412185,4.1788444880735,-2.060076277788846,-2.050366937417082
1992-06-30,3.26940975067579,4.184750860155137,2.9843165651212042,5.1075112028954495,-2.9004586173373648,-3.461296884295985
1992-07-31,1.7139594224923065,2.9751648759929736,1.6199703247884896,2.444814059232886,-1.3203560425669467,-2.1878273722353847
1992-08-31,2.61144134904477,3.742381611559546,2.3749540937320917,4.015630228215643,-2.2050510539514105,-2.842700638961092
1992-09-30,-1.5543773210657295,-6.1411137451226585,-1.7750660878541613,-6.250556894735696,1.9530187048413936,7.080783351507715
1992-10-31,-4.9353503276243,-5.547606086219578,-4.472794257306444,-10.043897380906678,5.402554842080914,7.125321383600823
1992-11-30,-2.7685510743184687,-5.8572300489842135,-2.7568631599760205,-7.136828309940893,3.1907261364623887,6.75769452762822
1992-12-31,-0.6347993340025843,-1.7551466411598757,-0.8265510664355809,-2.549534030993433,1.1016867493680174,2.9732604950286943
1993-01-31,0.0579610429139607,1.1353810794958994,-0.13377947799432938,0.7586768124244997,0.41705990984515356,0.03748818372290991
1993-02-28,-0.8231463630484456,-2.634991638017936,-1.4766172273547822,0.06625819828108281,1.207393670032396,3.426568747977876
1993-03-31,1.734039719244701,1.5238915658645866,1.3509939292760988,2.5653204104297873,-1.2930026656718898,-0.5010840103588904
1993-04-30,2.147320395120227,1.4178392573720582,1.5938336680527643,3.5239072290383713,-1.757934931070089,-0.5794709829384916
1993-05-31,0.17331435832888265,-2.270453618605331,-0.3615659805569091,-0.2807613426304145,0.189320028693276,3.0686811812198305
1993-06-30,-3.301104175336071,-2.5510828768611757,-3.4043373456413133,-3.2022690752004204,3.6354175884820794,3.259438418886053
1993-07-31,-1.4044417303413095,-3.539279106816441,-1.6899030665324593,-3.083097362469435,1.706912013390768,4.320173541127296
1993-08-31,1.3821901029540964,2.212620464990521,1.0575343052295538,2.337309763062749,-0.9681933881318524,-1.0455596715786706
1993-09-30,1.2827345302407251,2.7429235048174987,1.0755367275229017,2.597894015573121,-0.9575156483546454,-2.018819864915039
1993-10-31,-0.7107033921347118,0.8987645684185253,-0.6770512407168645,-0.36417662289371655,1.0138996889187646,-0.2437711121642136
1993-11-30,-1.0019371449770647,0.12179281912369724,-0.6351384460699154,-2.9274804966539993,1.2176151675869158,0.6195023353282157
1993-12-31,0.07452905490412465,0.4730049653494666,0.12956987340996243,-0.6377206242724668,0.18005255964150085,0.11071957879450009
1994-01-31,0.9884067681552833,0.8303842427477892,0.7746845641708663,1.3112772841406304,-0.7445043030286015,-0.15874392568948764
1994-02-28,0.8675868559720362,-1.7368154860283247,0.12244908896985233,1.9530661252836126,-0.7746783569801655,2.422719462991756
1994-03-31,1.0573776477739911,-0.17989561485087044,0.4595020384573807,2.6898315875594148,-0.9087079207844252,0.9915979690422266
1994-04-30,0.9206028889247646,0.18233195271971614,0.5907488664752654,1.3449353612255606,-0.8415643744789397,0.5553176050806465
1994-05-31,0.5142433851954656,-1.6378215413622377,-0.19345993746785733,1.999816818063267,-0.26467117289909214,2.412077943262647
1994-06-30,1.8232648417854462,-0.4135638499955819,1.2916461835786304,2.082569394633161,-1.7160695580312701,1.0105126440993946
1994-07-31,-0.09139001229869431,1.2688397937901088,0.06667009876370733,-0.3347744349074741,-0.03582264291796737,-0.48804767329748394
1994-08-31,0.614483907443826,0.33072206226356093,0.4250898607533614,0.8450223885582611,-0.5316566466917596,0.43472252355832547
1994-09-30,1.446253246883327,1.3119025358472154,1.1668060818976622,2.2071164360692626,-1.309827186283645,-0.776475237731511
1994-10-31,1.8247869598737638,0.0055609427911430115,1.0956263872899887,3.7159898780906016,-1.7651255668991874,0.6347556614256806
1994-11-30,-2.032177265770018,0.12429581946989364,-1.244613168375613,-5.3335395551931395,2.26183462416369,1.0480880545246116
1994-12-31,0.3713572571176861,0.2218796346222393,0.08978389319394758,1.1836761024816225,-0.4385339056466957,0.43119272356669425
1995-01-31,0.7610874248601698,-1.0329086323707157,0.21121520916867204,1.5706943434867935,-0.7436903828842886,1.849810243285007
1995-02-28,1.3075552161061659,1.2150654147770426,1.1079366581431187,1.8421670660058052,-0.9297478642554049,-0.2112635883364131
1995-03-31,3.276882720377946,-5.4197321978604664,0.9335309054374111,7.891016848972335,-3.3699399978332973,6.549709762465182
1995-04-30,0.47341163645297657,-0.29136569403637014,0.10868866430431552,1.0773741686246736,-0.3028987576413506,1.0752903254112605
1995-05-31,-0.6809377167956587,0.6867201577984583,-0.5821621243862366,-0.6414773834584764,0.8697222515276772,0.055828324194483456
1995-06-30,0.7489449480595357,0.20174937376035315,0.5308245211945727,0.8122756933893305,-0.711286149992017,1.0061274203179444
1995-07-31,0.45837078310198703,2.315166955286161,0.6151877508638709,0.6474161476364976,-0.4257470844956363,-1.488082790084135
1995-08-31,-3.006811474195968,0.7182825299623898,-2.277248001498969,-4.414886311620905,3.3491869255425457,0.8974515625609035
1995-09-30,1.5026764876484506,-0.3614923009890719,0.8155018156437174,2.9882882921647105,-1.3437329801098958,2.0343298244153223
1995-10-31,0.547902551850768,1.7718823275491125,0.6245036967519467,0.5203839949070855,-0.17848578810970017,0.09222265218843395
1995-11-30,-1.104057908826443,1.6197133198613698,-0.699330667844649,-1.5171118369048269,1.3005192246001238,0.5266054209047759
1995-12-31,0.3652752263266238,-0.08221438480371657,0.18464053121821794,-0.007265570259162293,-0.06550481175630982,2.2749738044550596
1996-01-31,-1.4901314820618394,4.121058195509383,-0.41013061124772426,-3.244979584700368,1.8702366823392689,-1.5628306637671945
1996-02-29,0.8104713275946385,-1.1669796579762193,0.3259418574032297,0.9319634450996394,-0.4947186326946118,3.4432245377690593
1996-03-31,0.023737001150289996,0.027622061826929056,0.0689033753124776,-1.0216729028196736,0.27503241301471243,2.163722502657323
1996-04-30,-1.196341189799318,1.841952656958728,-0.5548035227037834,-2.8076015621134798,1.531380287745094,0.6334436422036165
1996-05-31,0.0784872517109173,1.4888228581504515,0.318892505870587,-0.7159094401191557,0.09764425201335318,0.7269344919450371
1996-06-30,0.26802189747643085,1.7553286361421208,0.3239732985910794,0.6178949021926716,-0.09331433104630407,0.4407777689705494
1996-07-31,1.0410804240617049,-2.0158617545674287,-0.036872650392888624,3.6403515287651613,-0.8519947112800894,4.07477932857743
1996-08-31,0.1707643603918923,1.9830995922283174,0.3218870132674323,0.35678880490091597,0.07570788753482158,-0.046635054245651106
1996-09-30,-0.9703945207792772,2.1133112414447255,-0.431491209260752,-1.9319553607271611,1.2963525025550866,0.019556228320099026
1996-10-31,0.5243008180449255,0.3913116280083926,0.42493589243845853,0.20810797606758596,-0.2125486765575402,1.6314468841048873
1996-11-30,-0.21747288558056138,1.7379354980659005,0.1344040299769004,-1.0755033094877398,0.5044250643356711,0.4002193606919344
1996-12-31,-0.3761933107683297,1.7921219591221145,0.09783759697028613,-1.7929519937585687,0.6574358760272025,0.353553502773462
1997-01-31,-2.857497025773542,5.627796997523947,-0.9659309724118629,-6.446362163304461,3.2128502413444187,-3.2484863582707373
1997-02-28,-1.4596889353033957,1.9392270764424402,-0.8103935211575861,-2.6139049432097217,1.737878434267086,-0.027800088845128523
1997-03-31,0.5964928215195026,1.211972436716882,0.4292238850641245,1.5507972483571524,-0.30366021901650303,0.8096538711408668
1997-04-30,-2.1660423647166698,2.931863171296821,-0.7836112302060096,-5.934136496511166,2.451878851224585,-0.8036705384051178
1997-05-31,0.9349883344096643,-2.5363121435829825,-0.07595796058248948,2.868547740552901,-0.6440713994376197,4.6973573912833935
1997-06-30,-0.6238565956132214,1.9495528202500463,-0.3155397414989063,-1.1694541306345598,1.1262618144233236,1.3031426540039832
1997-07-31,-3.9310997522032944,-0.01056794642884662,-2.3760438143156217,-10.218808626645142,4.27015872530726,2.371265408281383
1997-08-31,-0.15888513182952363,-0.281697383419068,-0.4888528962095232,0.6252609150131437,0.518088423395571,2.565762349704663
1997-09-30,0.21744777617619676,-2.736579380809971,-0.42147405405267446,-0.28133467733112166,0.29405753513496535,5.782605365597042
1997-10-31,-0.27882890869782023,-4.785136433071235,-1.146248993467746,-0.8313205478164258,0.6190599488265887,7.0086834523990795
1997-11-30,-1.6158363305960262,3.658781578273877,-0.672040731832838,-3.270792268360124,1.997406253991329,-1.432921022391057
1997-12-31,-3.5445499450458753,-4.262931098348105,-2.9155382473535307,-9.453733721909728,3.8914730550178245,6.6328272446586425
1998-01-31,-3.228278223532794,0.09171057340970953,-2.985471896231642,-2.7241815621670495,3.5847254362293017,2.174090812302377
1998-02-28,2.410447057675506,7.360378636924413,2.1190288463043956,7.36209470848697,-2.0250224424201924,-5.083457059599116
1998-03-31,-0.7635329108060894,3.0225612170355216,0.05347810444072036,-3.207293853419752,1.0718573271794651,-0.9444127970682458
1998-04-30,1.5837135812379908,0.4421092650030434,0.6983986986468571,4.350266396148859,-1.2521038459675427,1.6526013711272085
1998-05-31,-1.405853245311384,-4.045637919833229,-1.4393919931497015,-5.443648045966945,1.7949137498915388,6.433413400132803
1998-06-30,-1.896229788249901,-4.531305772668495,-1.6131901055316886,-8.190793893331632,2.33202458628098,6.967776512531904
1998-07-31,1.1432334939752056,3.6097854969170493,0.8282094473840704,3.7473010681501084,-0.691399219609332,-1.1590100747900143
1998-08-31,-0.5293159968588176,-0.9450322062284688,-1.1307646525806605,0.6383188941437319,0.976759778395542,3.5018829803662803
1998-09-30,4.223608809729451,1.5904956287140621,2.450573691434915,10.196157644134098,-3.5581456950188355,1.8310559997545939
1998-10-31,3.5228571867867875,6.288368264083555,2.1950097342831256,12.213353229112485,-2.9950607574763404,-3.15154859454679
1998-11-30,-0.7894702479659609,5.107377286372953,-0.07140437198828115,-1.3231324293359679,1.2350266718079586,-2.24117888449849
1998-12-31,0.88517444571195,-0.9977607781946211,0.0791942383817966,2.267746037905911,-0.41461404640397465,4.117514108101172
1999-01-31,-0.7844524682609674,0.5328465103762416,-0.3224671793898294,-3.9140392684008942,1.378003259431881,2.723278933092035
1999-02-28,-1.4971886596916273,3.8208784421240463,-0.644324408619134,-2.6831784448990814,2.037967331596237,-0.8699743448979523
1999-03-31,0.34323009505532637,3.7870454428778193,0.5264826780981451,1.288529594521379,0.2263509860961458,-0.9620186459299873
1999-04-30,1.0103492752783136,5.06881951577259,1.3216667305242917,1.8468973825842512,-0.548648495760948,-2.4173334309125805
1999-05-31,-0.7118714365429532,2.055871582853541,-0.2587544837811857,-2.1304624217685277,1.1117044897287158,0.3872056770915989
1999-06-30,1.0585961864713558,6.245498876006896,1.1332247019311006,4.424066032748765,-0.6398134619768876,-3.7042873516691293
1999-07-31,1.2359685920742942,-1.3038452248255628,0.04674593944145108,4.876466150284737,-0.8973931488863311,3.605077365516461
1999-08-31,-0.7730035700535421,-1.0508173541527066,-0.8432679017702739,-1.6473998255186306,1.0922509072068967,3.1474982456334977
1999-09-30,0.11415454386847657,-1.0047906548627883,-0.21238258250509318,-0.08215116650449275,0.1833141856530971,3.113572091714901
1999-10-31,0.47819917819048724,3.991295691473952,0.44760076788094033,3.2044803948936234,-0.1650249140403648,-1.9157515464115826
1999-11-30,-1.2270158266302942,1.0598951897308984,-0.4680013936246025,-4.469157447569838,1.5254082796584767,0.9803519032754813
1999-12-31,0.7355175940241699,2.3469209898358505,0.7416999222598821,0.948062428251325,-0.4786979669835431,-0.30193058744251483
2000-01-31,-1.271738262940563,1.7225224402116415,-0.673574149816464,-2.9955395435912844,1.539895261649094,0.31817116725215594
2000-02-29,-0.7207898075230512,2.4910347892956834,-0.25664700873489005,-1.0987967488625037,0.8686405533948222,-1.1105495119175812
2000-03-31,0.2827293559025997,-0.7642028873668694,-0.16754289279292464,1.1025611535855462,-0.09379154575725841,2.289275245428777
2000-04-30,-2.417001040464811,-0.22576166941739895,-1.4827811851481751,-6.542212108452131,2.544247912979857,1.513289853729689
2000-05-31,-0.8885861295524735,0.6953540954138415,-0.9922432227360254,0.5112168689121643,1.016599203149819,0.5985230063049429
2000-06-30,1.42642403356624,-2.026401926696427,0.610177349225173,1.9768210020820334,-1.280534960464144,3.403471777260967
2000-07-31,-1.6018891968313336,3.718850973519035,-0.6509444059663474,-2.838802529960418,1.7287424738597807,-2.352538929123813
2000-08-31,-0.9212529510725376,3.369602761717024,-0.39915891213858545,-0.609418419253235,1.0259925947027313,-2.1454164270537945
2000-09-30,-1.4044844768576827,-0.037039187387506375,-0.9633825041451487,-3.505700958391792,1.5399304158722178,1.3177893710199118
2000-10-31,-2.4802163867795697,-0.6735269310545734,-1.5533575248850768,-7.122725043903705,2.5499510103367085,1.641228605837184
2000-11-30,0.7809812991332664,1.5792580069270292,0.6063192558494938,1.6890028262137435,-0.6609741354627381,-0.3502236459511865
2000-12-31,2.946637270735203,0.004774356324725032,1.6960659146803754,6.708781638212594,-2.8406716706194644,1.1560308822246734
2001-01-31,-0.1444840445018608,3.1159823808634255,0.25145557979389666,-0.1637759774828454,0.24213893544240678,-1.9237082135381844
2001-02-28,-0.7807707069161385,2.414470463924224,-0.30798363990498334,-1.1066228461468985,0.8756837701515067,-1.5271716625811629
2001-03-31,-2.3351608403676924,3.5934154129601446,-0.8569420353319585,-5.93237739763992,2.43825426039887,-2.6491913327913648
2001-04-30,0.6688022048801948,0.9994121491620999,0.5741008604445681,0.7849880236189044,-0.49892630421914447,0.00017344736970904308
2001-05-31,-0.4524620723777193,1.2832421598364152,-0.5701949993453688,1.2499907661034215,0.6387991627235831,-0.30371931006819175
2001-06-30,-0.15893908375596064,1.9989134682337077,0.1472300992792556,-0.6719512739173811,0.33682259525669395,-1.1459402485077974
2001-07-31,0.564350922113165,-1.1642141913131585,0.3587488542868932,-0.8791958368051596,-0.3630209533491404,1.9878164183860667
2001-08-31,1.9290016136164347,0.1417107338993133,1.3112103512300979,2.912837943943933,-1.729426655204791,0.7188163877272079
2001-09-30,-0.9453359258933381,-1.7778080473313849,-1.1251895448282756,-1.5684651029284877,1.1310152702279896,2.6060488660246497
2001-10-31,0.013110708863862518,1.9111852998220193,0.24935593743225212,-0.31867351168634545,0.21649958474945413,-0.9225877798643389
2001-11-30,0.13574498354174186,-0.8172303375626527,-0.030985041234934587,-0.6093796203921338,0.08391337249909497,1.679129416821679
2001-12-31,-0.41820267337699174,1.1668302284030891,0.18529044535932296,-3.322232286167208,0.638840049150212,-0.2887737159716672
2002-01-31,-0.04564906171778346,3.7044031554283396,-0.10023543910473287,2.6974533614299947,0.48058234868489896,-1.8774199769422566
2002-02-28,0.3456623349028677,0.07558947491701498,0.279260139801846,-0.5859584398999834,-0.0071067133215472105,1.5169466920935013
2002-03-31,1.374142566425566,3.117065914073321,1.2387331314570518,3.0107590843773684,-1.0315428975192031,-1.6662986925042016
2002-04-30,1.8857375529200697,2.1161651733480076,1.439123304427555,3.9285996780125565,-1.5510584039266506,-0.6638614089186364
2002-05-31,2.319617592025426,1.048536129813954,1.8447776359314934,3.076392785862919,-2.007407538108559,0.33932682405878356
2002-06-30,1.7465234418643993,-2.6785515219166585,1.260126863530811,-0.627653137454349,-1.4411849449247291,4.130496134736668
2002-07-31,-0.7056327757254337,-0.1494646560681445,-0.7953574504522385,-0.607394299162717,1.021958427775738,1.7402162304519064
2002-08-31,0.36881769683037474,1.876324761357658,0.35072928932663106,0.9969148492006568,-0.05550015329576784,-0.4426949912056671
2002-09-30,-0.06883049416216361,1.5557664264182771,0.20818136267529244,-0.9681617188252447,0.35863020424953623,-0.2326152871453298
2002-10-31,0.8325491491141137,3.1626709164668747,0.7577414088483236,2.817575945210354,-0.5012424857079476,-1.6770425227326604
2002-11-30,1.1323731167913353,5.406990906128755,1.147492034728081,4.488191276034005,-0.8260045608282677,-3.986982934283867
2002-12-31,2.1837501660758334,1.7195562118249907,1.6439885018531128,3.965174732293365,-1.8663563484505072,-0.37865461481880536
2003-01-31,1.0278169538302093,1.1032472620226192,1.092488643935953,-0.2881934942358465,-0.706647031464341,0.2879073999027041
2003-02-28,0.5028526116187101,1.6515304875723151,0.30329618365224115,1.9664024513952871,-0.22268583481524049,-0.458672583996785
2003-03-31,-0.04583993322772654,0.7162264809329177,0.053716430162682724,-0.7880174789068825,0.3483705598725968,0.5885556644322323
2003-04-30,2.3873081583575413,7.451859981096138,2.572348173384999,5.373190010308295,-2.085203070223031,-6.152006656865239
2003-05-31,2.1668368522506785,1.2174215969837334,1.995101075646016,1.3215335311949987,-1.8755812061434027,0.07927866569406085
2003-06-30,-0.5401063733225759,1.804206553522068,-0.4164358857291686,0.1643316886773355,0.8102349251994712,-0.6054342643489741
2003-07-31,-0.538401701503175,0.6979532447508393,-0.6806514792265586,0.6934642612569266,0.8450540936958508,0.6196619702885473
2003-08-31,-0.22018520813634612,0.10621952500817436,-0.6123726200033538,1.6116089986863973,0.4798458423809478,1.0111803835963955
2003-09-30,3.152438081018776,2.525801552416533,2.620447981136338,4.846576904287395,-2.9187602780470154,-1.4687419759135159
2003-10-31,0.12307671337068699,-1.0077116720931452,0.07936964450035826,-1.6158070165633371,0.09529174362338746,2.1043819374733874
2003-11-30,1.4835568325058746,2.6836570510352638,1.2877786202691135,2.85627017783435,-1.2455898708221544,-1.7298247919595944
2003-12-31,2.136516261519623,2.1297575915219653,1.9306676072055815,2.4198170719464667,-1.8935782049327867,-1.0469164476229438
2004-01-31,-0.3596069653213074,0.18732839176106134,-0.5969241525085202,0.7191115149756405,0.5807109648018913,0.9138851899850049
2004-02-29,0.4995907933515626,3.828031379106304,0.7035593681256829,1.864059388424312,-0.2846319110998263,-2.880276966619531
2004-03-31,0.9095982815605628,1.0226127985113187,0.3185282611046697,3.75056262834959,-0.6738575696499702,-0.017251201842406055
2004-04-30,-2.2374288091049235,-2.1907888267208455,-1.8483664611043182,-5.239094221070183,2.4447874538646874,3.2009609802910526
2004-05-31,1.0718438248369286,1.6849928412181798,1.0821637792613144,0.9227688247763332,-0.8676419848359108,-0.7379731098074793
2004-06-30,0.10082554850811033,1.9193498214315179,0.08457349722785157,1.219677422600987,0.08714735359837911,-0.9999618653686038
2004-07-31,-0.13219673020498982,2.0922732466394938,0.0894653299145948,0.0353234689531785,0.3427191429839958,-1.144454330115548
2004-08-31,0.40630094446860193,-0.9285613424568245,0.25428132474173387,-0.7074327278295643,-0.199243658933974,1.8539780726798378
2004-09-30,1.5308125406505924,2.148742183443819,1.5201871139484824,1.461867699121808,-1.329362119200564,-1.2338894905127817
2004-10-31,2.0134470334168233,0.5228328280986665,1.2451949460464082,4.386043940631869,-1.8248734056587845,0.35166833336688735
2004-11-30,3.3162616367384428,1.3409972181511767,2.3308464465939482,6.549813254005681,-3.1526033569338523,-0.46737968980264666
2004-12-31,1.4004276290412656,2.9186234200339336,1.175182875757226,3.4798610087823576,-1.2478262285266049,-2.0295400748034536
2005-01-31,-1.3756835724376177,0.7202735882885924,-0.9872607540921547,-2.4794433272238057,1.5099628493462571,0.21981068263361106
2005-02-28,1.6628658890558523,2.5745701309636715,1.2933702994603482,4.130597288493795,-1.558914106542455,-1.837426016620125
2005-03-31,-1.7102582487668851,-1.4451287563766333,-1.1659961178125753,-5.357460755148753,1.8238120939102538,2.256076984925227
2005-04-30,-0.08133998587881482,0.7304967520813299,-0.1435470896576113,0.4770286917596212,0.17238274420931954,0.05833322860467616
2005-05-31,-1.8107843924186715,0.008242227455061008,-1.0750573008592894,-5.053261591507916,1.8654000342053505,0.8250353772810939
2005-06-30,-0.6753095016324516,3.296124873664695,-0.07607596467268388,-0.8968783224367581,0.7469440869934858,-2.551942405237538
2005-07-31,0.1158711284873224,1.1648401038536123,0.024980956074083873,1.0146835498863593,-0.040689984039645646,-0.4895328068127053
2005-08-31,0.4533878865145346,-0.2256936748390814,0.015954533966897087,1.7590858678719117,-0.39665596500505557,0.9091898676343645
2005-09-30,-0.37359396476039314,2.8900185623148724,0.1981582034330265,-1.1977366759139347,0.4299036713942971,-2.1862598106939446
2005-10-31,-0.6312596085828271,1.6969476472563405,-0.12837373357308093,-1.9076708926821828,0.6783364981273577,-0.9756930170656619
2005-11-30,-0.31536247311015114,3.1995240662426205,0.017624871440375757,0.5907327019011054,0.3276516161614248,-2.5030053497102673
2005-12-31,0.4114640859155797,-0.12571704754215765,0.13141809945977728,0.9438592444656734,-0.3865455663203047,0.8187110190009238
2006-01-31,2.2048120755937957,-0.43207387203205333,1.1530681884930916,5.282679403197962,-2.1872586299470242,1.1329477642024415
2006-02-28,-0.7366671056456285,1.344779419227769,-0.16716867210099545,-2.584909185833021,0.729146462211258,-0.7055145145502768
2006-03-31,-0.704801385678455,-2.4779514783766308,-0.746943686239843,-2.7794036806149593,0.7039881601522027,3.123509493885277
2006-04-30,2.43649970406041,-2.2737152701222345,1.166560316544106,4.8292359119347665,-2.4555946707065233,2.8857724420676085
2006-05-31,-0.5530870612630477,-5.790868089535826,-1.1065414676745362,-2.9986808568575056,0.5110574400768948,6.448152593291328
2006-06-30,-1.3578157381479077,0.6493383226958716,-0.9945195620622415,-2.096629897012413,1.3131304540930173,-0.005937213293195041
2006-07-31,0.7932953796089582,3.8419775216571486,0.960564190242425,2.2071423761331634,-0.8294686647638951,-3.051318195895922
2006-08-31,0.06751210858997472,1.8897143290347391,0.2458056949260934,0.2748061868784224,-0.11400013399036762,-1.17590386495031
2006-09-30,-0.8802384027374722,0.4541470243926354,-0.320960445718882,-3.4755660837611995,0.8626835592142031,0.19732420599283712
2006-10-31,1.422433196381613,3.3656206327275924,1.1664147825784483,4.289595671469262,-1.4139031399998738,-2.615226425578318
2006-11-30,1.9026273496613348,-0.4996458614821432,0.7568902449423563,5.829775015029698,-1.9168676342114621,1.2004007159423216
2006-12-31,0.13775643951858565,3.5713272304868577,0.4496907251303895,1.1037173381866738,-0.15548430311819694,-2.8377249029771283
2007-01-31,-0.8785177797867947,2.710278083347973,-0.1883265592485209,-2.185552270244006,0.9179215763880342,-1.7428298428155737
2007-02-28,0.6321275853533229,0.40810255519555866,0.3025708081174375,1.5881956439533396,-0.6234185860265283,0.24156186704850818
2007-03-31,0.7158638181831559,1.190612985458196,0.5266393541288203,1.553713488602827,-0.686315014105645,-0.4305085913384766
2007-04-30,1.6064422400058769,2.7226221003327074,1.1796520441548997,4.632617311934785,-1.5940732674398657,-1.9827121009156532
2007-05-31,-0.09145770817698307,2.715429080961278,0.509287235849151,-1.5305743773151377,0.10903413239427844,-1.9179975599835597
2007-06-30,0.5291983027231564,2.6609488928253238,0.6540788569310629,1.3605977741818358,-0.5360794004474603,-1.9888573153812255
2007-07-31,0.7390777822365,-1.1928724458127549,0.06333525460288596,2.3636800694609,-0.7358651355491298,1.8758551698128827
2007-08-31,-1.0665669358390961,-2.622959917597201,-1.1710785738040954,-2.457232111881566,1.0764968143855207,3.371922269217535
2007-09-30,3.2104255827983326,3.1600252922712935,2.3672105250153637,7.693700614007354,-3.2242024542335783,-2.4836030729453054
2007-10-31,1.8221033953954993,1.8421088415918412,1.3196753635785654,4.225929617474546,-1.8021734707641461,-1.1080921419760703
2007-11-30,-0.22286066976369756,-2.2680750068069897,-0.754417976316567,0.22299198235793388,0.2602890946459985,2.9817763171159917
2007-12-31,-0.08355903957287554,1.217044866962092,0.09175314266195957,-0.4320259673114013,0.06177595319076078,-0.40842890940259774
2008-01-31,0.6241102892114383,-1.671459265420307,0.3286682309321637,-0.455409744459826,-0.6184054552532865,2.538274162221536
2008-02-29,1.7547764170626206,-1.192950685949414,1.1992514752658752,1.4862938718174135,-1.6340177637913618,1.9518212144967177
2008-03-31,0.22567107364220607,-2.935474431244826,-0.2275478295586545,-0.8614259255866034,-0.1239429722067261,3.8791968797025596
2008-04-30,0.16160102304425186,4.9155351202223185,0.5552817551166994,1.9866764719209902,-0.04097905731272322,-3.921147865480338
2008-05-31,0.02528000854669331,2.357314762619904,0.03802898067054421,1.7139231249533797,0.14129319934914317,-1.5580144805891794
2008-06-30,0.2799517037861412,0.9233424979339145,0.3353004099304896,0.036919972017981355,-0.09576257377349115,-0.07806619093346512
2008-07-31,0.508384967412916,3.6968497459501157,0.6518788730148235,2.2024158045468623,-0.29661258106131544,-2.776350337324545
2008-08-31,-3.6649895393012453,-2.60989824222891,-3.8514326910382026,-2.1854354732776122,3.8829330517727314,3.46341060320172
2008-09-30,-3.219867660029516,-5.996693478875735,-3.5681895418625404,-4.638341801956664,3.4287274009393967,6.8182280128244415
2008-10-31,-7.469669017127402,-10.2710518418863,-6.012713242770226,-20.189664763692672,7.495117697219094,11.246912944089612
2008-11-30,-2.325475675375181,-0.3708644479649359,-1.6258208469753,-6.107477390492583,2.5735736473945314,1.5402461647700945
2008-12-31,3.560974086982597,-2.826309206288222,0.905430032353365,11.754285348013413,-3.3165441897965624,4.10969101634703
2009-01-31,-4.521879818718651,-2.272609083101646,-3.927103818191006,-7.080493365883498,4.839360859087515,3.5692808885548266
2009-02-28,-2.387508300456253,1.8698957644530108,-1.292256286585254,-5.900567276975672,2.630629101277389,-1.072401416327428
2009-03-31,3.471601710921546,3.270415653071336,2.8531790892711237,6.107069264698645,-3.226924480935458,-2.3249247967980042
2009-04-30,2.8242911449700046,5.474531584765646,2.0532303130637612,9.384800792607098,-2.638073978128179,-4.635160277251357
2009-05-31,4.192309768956421,3.167303304861693,3.269121014039105,8.065628752063592,-4.048283973685961,-2.256970776021865
2009-06-30,-0.034979976303261696,3.529193529427283,0.2672309214172646,1.0508348056523686,0.1721280557682692,-2.7437919293860187
2009-07-31,1.8545989190217032,1.2580228516677414,1.4170466793851735,3.3392167992023674,-1.7148728583517108,-0.3812239542544669
2009-08-31,0.40973388943678773,-1.4373254433808946,-0.09435375170539131,0.9941220998100514,-0.2647830096435379,2.1013171395508285
2009-09-30,1.9023503195808749,0.5466569583042462,1.218284970916931,4.113646842935661,-1.7608838753190594,0.04825531558258073
2009-10-31,0.35206991024197404,0.8941202238488134,0.44283961822908857,-0.19956427976080654,-0.22681534741968234,-0.18776834527952832
2009-11-30,1.290291827351099,0.5787576597598343,0.6906495165715012,3.5276751601550687,-1.1583908960565705,0.012827574366726033
2009-12-31,-0.9309392799761635,2.933506324101762,-0.18280266476236376,-2.1507740535429374,1.082348998939397,-2.306284482214871
2010-01-31,-0.6302498880161868,0.9030587606311942,-0.4917576689304366,-0.4911732894391145,0.7291985155618695,-0.1597400124643755
2010-02-28,-0.1785462526141382,-0.8740377377296573,-0.35426094153455673,-0.41214516724174427,0.306850100914681,1.39751584855786
2010-03-31,1.20389493336732,3.465334297569412,1.2878900294561701,2.386123058892242,-1.0554567365933099,-2.8723059225550793
2010-04-30,0.3876363972264124,1.3564488200270552,0.452146631185944,0.4540073419140313,-0.2585674912143853,-0.8057444975626602
2010-05-31,-4.327831238812852,-4.868324751125906,-3.9659314013123494,-7.539511583359117,4.450011369718581,5.4314837268772544
2010-06-30,0.48607010390806427,-1.0516018782013796,-0.19126396667513676,2.450183719239163,-0.3706079876222477,1.5706243148187466
2010-07-31,3.379345323607722,1.822389683053437,2.546444740335597,6.323957619785513,-3.2462818552667834,-1.3111216006318986
2010-08-31,-0.7753704601393842,-1.9138144337607104,-1.244387408789662,0.41498804980360704,0.9229852712521094,2.4442933175237824
2010-09-30,4.1328002317438255,4.130623357075956,3.6039700543230815,6.806893488511896,-3.9743596488418467,-3.607277230399638
2010-10-31,1.2559403109532699,1.0612333219967411,0.9662497136637822,2.2250150913958677,-1.1026951890474956,-0.540196611055517
2010-11-30,-2.6408059354320765,-2.5306409265183927,-2.843449471662217,-1.9230202144690358,2.7873846131171716,3.0565945168356268
2010-12-31,2.625342595606225,0.5476730630532043,1.585457721360108,6.159463272639895,-2.485466815164448,-0.01987958931225775
2011-01-31,0.19468283265306613,-2.568580611070207,0.30458377748237875,-3.773428814834105,-0.0686041577718169,3.0649478994993657
2011-02-28,0.8582781989667492,2.7002827953175395,0.9180040669417759,1.7797614820812262,-0.7194207162818567,-2.22489799090929
2011-03-31,1.2848302892773062,3.075062644437491,1.1488737615065585,3.34096800281896,-1.1241631967043177,-2.524757477546263
2011-04-30,2.989034832301189,1.69308627195166,2.5418655216032553,3.865898898623184,-2.8354044466939494,-1.179097517862424
2011-05-31,-1.247963335071677,-3.208288646484516,-1.6335119487897403,-1.4264792111589164,1.418567302376529,3.746146108017297
2011-06-30,0.2068374994202725,0.3483688741177049,0.08041596543854937,0.5681810372920763,-0.030722484913037744,0.17879553219300515
2011-07-31,1.10090852307443,-1.295694305939086,0.2640616092875869,3.203049103188624,-0.9309051526663482,1.8158301450078875
2011-08-31,-0.8764087444519058,-1.7616758273402713,-0.8126784059383614,-2.707010004204581,1.0470348961727924,2.293733989237978
2011-09-30,-6.259001004233719,-9.332039151578089,-5.636749169221749,-13.667271644002277,6.394201844664872,9.793856500657808
2011-10-31,3.0692155581516753,3.567424660067158,2.9160541741855335,3.961824553330355,-2.9263928001262607,-3.0914969854637544
2011-11-30,-2.527377923511789,-2.998881795538779,-2.458073211201839,-3.8798822344367356,2.6862059332713173,3.51941636397495
2011-12-31,-1.0783472819158082,1.6151351658951856,-0.4737758430787126,-2.4720216587397377,1.2266544443282894,-1.0411840923027111
2012-01-31,2.715069456219431,3.3884616447981957,2.1620480651479994,6.224452167784414,-2.5579978182195733,-2.8276918418942816
2012-02-29,1.5700830451371095,3.3590205104971202,1.5701722515908685,2.8486726356040286,-1.4106678626584777,-2.826368155324365
2012-03-31,-1.0666369523798636,-1.957280386803408,-0.9162993598661224,-3.364435933037387,1.2361917479332816,2.5273382719024444
2012-04-30,0.3452979995948468,0.03281512998741156,0.11371769782413173,0.9344110087106885,-0.18448200345871563,0.5074019605765548
2012-05-31,-4.720764300861257,-3.600676150790305,-3.410442546676456,-11.944459212002084,4.890786280099975,4.167330404183768
2012-06-30,2.489472205387154,3.975727702361785,2.027676871858866,6.245790561643158,-2.326370302819773,-3.404218086025326
2012-07-31,0.3454730439972149,1.904264886203946,0.7960395702680183,-1.266465597877137,-0.18640351718996995,-1.3286180893954063
2012-08-31,0.5404941118678268,-1.547271626348893,0.026469501125594666,1.0232307744116294,-0.3821642816510156,2.1146886885634784
2012-09-30,1.5075218468010902,1.2626246092092623,1.013252444606397,3.742528393337658,-1.3616320711707681,-0.7591470113019968
2012-10-31,-0.07589530485141248,-0.595735793523308,-0.14307497678902345,-0.7103663737141083,0.2239849104427336,1.1025577006562524
2012-11-30,0.18507247120602208,0.5704696307449711,0.2385815321993062,-0.3040183374173325,-0.044155882899883835,-0.07828537731082276
2012-12-31,0.41582349969366394,0.865245424242537,0.37860509120369706,0.4841466352589713,-0.29138311267357514,-0.38004248867995805
2013-01-31,0.13238201379575837,-0.9336325817523121,-0.45119446485841475,2.0438339051337002,-0.0006527495186342475,1.4436538947336177
2013-02-28,-1.1832517397929845,0.9224519169680805,-0.48658923638393825,-3.7648692423876264,1.305139663194098,-0.5077937784950735
2013-03-31,-0.40221069932204373,0.4267434502614631,0.048603720118922986,-2.757842120559087,0.5368504212379279,0.045826410883767835
2013-04-30,1.0297627661171986,0.5583273258539859,0.46891719905305174,3.466351250089951,-0.9070558899560259,-0.07698140685079516
2013-05-31,-2.6355917404271216,-2.2940798856208677,-2.1708522788253393,-5.630682671563271,2.7641532364824464,2.7386298035419463
2013-06-30,-0.8711099648962337,-1.1709531988006034,-1.0219435612346268,-0.7881430784724225,1.0011815482361992,1.6232928209454365
2013-07-31,0.5784449948250527,-2.433830738186691,-0.05460306343748802,0.8515784316063315,-0.44996403382571637,2.8771656023890384
2013-08-31,-1.3430993445103199,-4.588915077956988,-1.36031297175867,-4.957472267736807,1.4911392483848227,5.159594113282586
2013-09-30,2.0975300397955063,-0.7068544991345845,1.3811192507898669,3.088588406464969,-1.9562748515283657,1.2492432979302988
2013-10-31,0.7364978938942783,1.8399220908566913,0.5599225488043241,2.4179832462207025,-0.5853144435376492,-1.242676259250484
2013-11-30,-1.189985765210052,-0.23404229897598122,-0.7456851610776021,-3.3455899867864765,1.3232722259140335,0.7551925477812107
2013-12-31,-0.11181584252097727,-1.7561726810132037,-0.28514608663057267,-1.1724215023794788,0.2392541857246118,2.3542450368666312
2014-01-31,-1.7437481233414862,-0.37502166252832114,-1.0964128441906515,-4.703882969506029,1.8828332666170555,0.939293143969679
2014-02-28,1.919573303116475,1.5943996045070998,1.3052726571084419,4.8581427319034045,-1.7826934756373463,-1.0391269887039416
2014-03-31,0.7134321282095576,3.6397539494424804,0.832115417747242,2.542953975209388,-0.5593151875055151,-3.01455577523201
2014-04-30,0.38312897960800196,-0.4205863319183425,0.12819016270926165,0.7453181009096114,-0.23094480266248713,1.047461489969087
2014-05-31,0.10601915206786697,1.4261080036218103,0.3009587545173731,-0.13051678198695987,0.04151064910007966,-0.8457048112065291
2014-06-30,0.26824595276241836,-0.362081658068959,0.03887442773818515,0.6068264160066478,-0.12738546012984023,0.9214164351833674
2014-07-31,-0.9787820101467498,1.9109369118413724,-0.3693642523851884,-2.0967088862053878,1.1290208761753409,-1.3129342412507565
2014-08-31,-0.11499992265659596,1.0298604182497229,0.15813283560221394,-0.9327172950409184,0.2621421881976121,-0.45504788822054876
2014-09-30,-2.809444901940105,-0.5565296799123237,-1.5954438671607656,-8.178290703265118,2.951457705915413,1.1311173920571107
2014-10-31,-0.3592635060900106,2.9657263661232585,-0.030625201397171026,0.6390950762568449,0.506477087206039,-2.360766701824552
2014-11-30,-0.9312568969872753,1.921517312791849,-0.46030416005713437,-1.2921265235919572,1.0645345575783898,-1.3805663116211255
2014-12-31,-2.065752122457848,0.35688711516142013,-1.2840591235079344,-4.7403097691976575,2.200801811526659,0.20465775441671252
2015-01-31,-1.874195621888075,0.3321558318911212,-1.177767744954286,-4.247679943381676,2.0167437336272425,0.25765181218770294
2015-02-28,0.26719258328986756,1.59065901442001,0.6277243701975417,-0.9646735855032037,-0.14718859350969807,-1.0471107966632536
2015-03-31,-1.6883390757758052,1.8269735782170444,-0.651929555014934,-4.781159579756703,1.833655396627412,-1.1467582025321954
2015-04-30,1.9405141269187205,-2.5931437556966004,0.8654016563274574,3.48862634401957,-1.7970910334938046,3.278285357198782
2015-05-31,-1.5867028190816854,0.4540608157852222,-0.9909235995215709,-3.440503556912212,1.7292991262772992,0.2319703809474362
2015-06-30,0.08502567179731509,-2.2739643532888065,-0.5132521362410543,0.9820115482061048,0.047028149171815414,2.8999035963340436
2015-07-31,-1.515942075538394,0.09959068988289084,-1.0157866792094445,-3.2340399914458904,1.6539441005325703,0.5766036807947801
2015-08-31,-1.6705242531187154,-4.804083191227182,-2.029439081595101,-3.007375681824012,1.808211527320928,5.440925615349882
2015-09-30,-0.7058262127182114,-2.472668851849422,-0.7486277589436907,-2.5954470758969483,0.8414969181056402,3.1320624635384724
2015-10-31,1.2058133656356962,4.52053454528551,1.4844505737466742,2.3569073579228137,-1.0489528148849216,-3.7440561333773483
2015-11-30,-1.4064234419503414,3.411846712305374,-0.10479215833229624,-4.820171458995754,1.549236183440578,-2.739667178542402
2015-12-31,0.14539841071292658,-2.579080183716939,-0.8056837435214489,2.743819386863444,-0.02109311196038355,3.3710711917627147
2016-01-31,-0.9753866528299346,1.0855194207675274,-0.6679365403581311,-1.2107016861878817,1.109287019342203,-0.40616506445895084
2016-02-29,0.8213788864636877,0.21605115550362206,0.5295316474808933,1.5604762526902376,-0.699806712660199,0.39127704478131625
2016-03-31,3.7413034648082633,1.038076897840555,2.394416435001365,8.691746347542049,-3.618874724422145,-0.32362345782939517
2016-04-30,0.7095213161451442,0.22809907464085566,0.20663981965274078,2.8197142353352294,-0.595461521664867,0.4301307006440375
2016-05-31,-2.8065950479810104,-1.538730568636333,-1.7099466225216102,-8.50292246409215,2.925472246722525,2.207794633146429
2016-06-30,1.110533364039381,1.63583149533638,0.559550855310655,4.560385092948326,-0.9936722930867734,-0.9076248121868926
2016-07-31,0.5212798125438095,0.6923209204719959,0.39933240693994476,1.0395754029434328,-0.42552126558545206,-0.027522027954720186
2016-08-31,-0.2579423239964624,0.07294121777583762,-0.01522613966899519,-1.7689416196390855,0.3504454748468511,0.5827020678131792
2016-09-30,0.6425223529723281,0.6107560095327689,0.27624107372599593,2.4252932142546455,-0.5636119245086901,0.054183796067124555
2016-10-31,-1.3901993908234074,4.094270865169154,-0.3523513162717053,-2.514834807749058,1.4693724547734675,-3.4276044757420054
2016-11-30,-2.7515518024717,-2.11230335526488,-1.7566999795459786,-8.45543398823179,2.827153924393332,2.72434554428033
2016-12-31,-0.3478998748640992,1.2052260529748753,-0.23073971411214453,0.12273877852480236,0.3906315286769284,-0.44621361925977937
2017-01-31,1.6925932984793512,-3.442933330292984,0.6764393589370482,2.2366194264409764,-1.6378034041108522,4.134839142583276
2017-02-28,0.18179558367557042,4.990663343214143,0.7956083069903518,0.9622574883896735,-0.1203346242150646,-4.410916848541936
2017-03-31,0.3360056712175556,1.3261956848710448,0.143123779061212,2.1224423138787003,-0.2716672625612487,-0.6141660253049147
2017-04-30,0.31005785438983424,0.05773269538400603,-0.0924806251205125,2.1200839328949317,-0.2654877141356069,0.6873478571948283
2017-05-31,1.3733230703450905,-1.8838586081567632,0.2819799315428966,4.317367275272926,-1.309499897048634,2.620048615602947
2017-06-30,0.6929479929087989,-0.26925397506957477,0.08727801858776953,2.9995559527217672,-0.6380253245369732,1.001012143425568
2017-07-31,1.681943683338814,-1.6808148608774862,0.7755012975172676,3.376275429272546,-1.6304715907335818,2.4165137711690368
2017-08-31,0.0971536059951367,0.6862701273276491,-0.18834670751316096,2.059653693274517,-0.043134176308057486,0.0895239709296198
2017-09-30,-0.6786648559779556,-0.7655034581236891,-0.37594980207400275,-2.9291927647304523,0.7198750131515579,1.4503700941620772
2017-10-31,-1.27396707074937,-0.6743346059686011,-0.6538007835349201,-4.7870729637661755,1.3226190351328564,1.3680800126780863
2017-11-30,1.1024704743559468,-0.33212416156164337,0.4719747281770096,3.111610653540542,-1.0444465791956155,1.0354336897800904
2017-12-31,1.0657312294722883,1.405038324262701,0.742026616855861,3.0154064347596963,-1.0461089514032815,-0.5720264949264482
2018-01-31,2.4698168655820862,-0.5118036872604516,1.2517588526508103,6.427094082884026,-2.4316613821421122,1.2515202283353726
2018-02-28,-1.485506987567768,2.0881996693348377,-0.4996304591966634,-4.140736374397001,1.5157349673444378,-1.448268711521272
2018-03-31,0.1341189932856408,0.4615345563978473,0.1989600493514636,-0.2478681631481076,-0.11884981436856322,0.30215991455356705
2018-04-30,-1.5176999050281184,0.41132012880179086,-0.6585539602659906,-5.063677099752219,1.5327495463805034,0.2849215798479087
2018-05-31,-1.7636873904956236,-1.9116470274784272,-1.3178714876470436,-4.955316638836236,1.7835889941492327,2.6720361922217593
2018-06-30,-1.4597858491098246,-0.6919871835496224,-1.1601770964943947,-2.827893693939564,1.4767161569229579,1.5161096825940978
2018-07-31,0.3851933377039854,0.9462723573356838,0.3025206077945181,1.0653128006094046,-0.35455133484206347,-0.12406077848719738
2018-08-31,-2.0768334031012876,-7.941882983897328,-1.7296748812156728,-10.426025385491682,2.113791807162865,8.816281981776848
2018-09-30,0.600009381905834,3.5538083766775768,0.6846752465423789,2.6306399881618696,-0.5509954586081178,-2.6366183956354616
2018-10-31,-1.510145352904098,1.8731517197934664,-0.5794585789000564,-4.10846684807356,1.562968897205844,-0.8781215544699156
2018-11-30,1.2818472810806565,5.773792762870747,1.280000022300676,5.373511503495884,-1.2319793212070065,-4.815976371527852
2018-12-31,0.13931326482624834,-1.505650167449479,-0.48950452775650855,1.853433626284586,-0.13619405559643913,2.5376780740712777
2019-01-31,1.4620102874361987,4.394512796823347,1.6174369118623928,3.032596665103677,-1.428019280917238,-3.437477869331164
2019-02-28,-0.8333865266818551,-0.08222175624045136,-0.4036546444898456,-3.0503626236652432,0.8641411766269693,0.9191517863324696
2019-03-31,-0.8224546070943445,-0.026191915778512112,-0.6091650672021524,-1.6948537635260619,0.8573113598674343,0.957642372043253
2019-04-30,-0.5307231461180556,1.4315200944084665,-0.2242979613637576,-0.8020512103342672,0.6314307513721761,-0.1483853797907492
2019-05-31,-0.5458052657238717,-0.05501963897649202,-0.6843124914590316,0.38684511484211176,0.5909328914756491,1.0482779297994373
2019-06-30,1.839458368636165,0.41310960018159754,1.1437334482289911,4.148142383719708,-1.797807004326693,0.5421821428192357
2019-07-31,-0.8916620943618755,4.107344241917294,-0.18415827697823392,-0.5347343595171545,0.9277519786468662,-3.187822560581127
2019-08-31,-1.764510424675345,-3.179932091663785,-1.610802554593288,-4.5038365615545395,1.7899308674268932,4.018020441861328
2019-09-30,0.12828835901269148,2.909165129812242,0.47850315676791566,0.3814939656413047,-0.09721019395272687,-2.1146816745621786
2019-10-31,1.4082615799243015,-0.03761499691693378,0.9242658280567273,2.4654926856459203,-1.381317172709413,0.8309824379394676
2019-11-30,-0.5448395760041926,1.2827048980370812,-0.2531436718825988,-0.8715971166961329,0.5794740062586741,-0.634236864285784
2019-12-31,1.8001960513368536,0.059075199473818465,1.1834189569007982,3.3737082125565387,-1.7906934870464293,0.6511662894060302
2020-01-31,-1.4278632039255899,0.4816688676743269,-1.0754536119849336,-2.0386122415796133,1.4618869616929526,0.16327034604808627
2020-02-29,-1.7200348158100578,-2.9142553962767317,-1.5767420202668043,-4.192233854256836,1.755200994910629,3.493662749320529
2020-03-31,-3.752569332422552,-9.237911536360379,-3.613075212085901,-10.56815616268877,3.8231886667636292,10.0454298329079
2020-04-30,1.1602050404779471,0.11489611628003392,0.948829010096002,0.7014588788325715,-1.1034232196504303,0.5529082563017904
2020-05-31,1.1530976292316077,3.093668708217351,0.9542750902640661,3.590461174485619,-1.0768432493138123,-2.60407279779412
2020-06-30,1.0353240231998018,-0.6475155902123938,0.630244723273516,1.0301245344296854,-0.9509797106521013,1.1764993195699067
2020-07-31,2.44296456225553,-3.45893047834719,0.8445576512974701,5.321656759941529,-2.3660964316344764,3.962913428609105
2020-08-31,0.900125367258962,-0.337040404526133,0.5474784738169958,1.1933109282679064,-0.7643596099486082,1.183446026121239
2020-09-30,-1.4682847669309178,1.0865862268169943,-0.908831916697254,-2.7851388072085674,1.5476736998879352,-0.5732429269299579
2020-10-31,-0.011807515845994284,0.23143920984200453,-0.0834515514109117,0.19424514352685884,0.08647736850882476,0.2464004315366625
2020-11-30,2.8987489522642007,3.2688113275252006,2.357329284670159,6.076430920719976,-2.807732019552947,-2.660413141495611
2020-12-31,1.7728731955574075,0.6221304531507214,0.8526287459679769,5.675740200686019,-1.7009906067624783,0.004802104629363091
2021-01-31,-0.18034078458300806,1.1495759426241736,0.0997019561435447,-0.9433953367670805,0.2550789138129471,-0.5957085035709028
2021-02-28,-0.33592034819648114,-0.442577965633908,-0.19211538958330832,-1.7924293154741928,0.41415611490743487,0.9806830567349385
2021-03-31,-1.5910341703154185,2.640545987731642,-0.45272213038821246,-4.647374273126167,1.686579109623299,-1.9970820252298012
2021-04-30,1.4938530000022183,-1.1782479667767471,0.6400905973362128,3.404348325384869,-1.3673408056935197,1.9656432127791799
2021-05-31,1.2302335995128242,0.9608316354336675,0.7628024708710033,3.3736893942692108,-1.1229194570044343,-0.2917468471670872
2021-06-30,-1.8897292369757703,1.2768997002889848,-1.0405174949295013,-4.199641469434293,1.9989004332964706,-0.6106752160150122
2021-07-31,-0.3719186715996702,0.36722250281272883,-0.5685635756112661,1.2033770306735085,0.47406450267830325,0.27168173775884596
2021-08-31,0.41180446265173654,2.07373712770747,0.5373319643114678,0.9632997889166464,-0.30624575714747365,-1.4521535438295246
2021-09-30,-1.5546728523981437,-0.7133979289225579,-1.039457634983194,-4.163998997109003,1.6607289502424731,1.3519740206468074
2021-10-31,0.5611256283751584,-1.3620891964164847,0.42443795047509464,-0.9322145220878666,-0.440235022195463,2.0375021116153222
2021-11-30,-3.120920878735292,-5.695807810349064,-2.391779478740964,-10.66801288405466,3.2402651386496917,6.327646575147513
2021-12-31,1.061526613235902,0.9088145228054969,0.6072190606803199,2.9527077406523654,-0.9566945080892215,-0.1355986338820201
